TimeQuest Timing Analyzer report for Week15
Wed May 28 16:42:35 2025
Quartus II Version 9.1 Build 350 03/24/2010 Service Pack 2 SJ Web Edition


---------------------
; Table of Contents ;
---------------------
  1. Legal Notice
  2. TimeQuest Timing Analyzer Summary
  3. Parallel Compilation
  4. Clocks
  5. Slow 1200mV 85C Model Fmax Summary
  6. Slow 1200mV 85C Model Setup Summary
  7. Slow 1200mV 85C Model Hold Summary
  8. Slow 1200mV 85C Model Recovery Summary
  9. Slow 1200mV 85C Model Removal Summary
 10. Slow 1200mV 85C Model Minimum Pulse Width Summary
 11. Slow 1200mV 85C Model Setup: 'Clock'
 12. Slow 1200mV 85C Model Setup: 'mod10:inst1|74161:inst|f74161:sub|110'
 13. Slow 1200mV 85C Model Hold: 'Clock'
 14. Slow 1200mV 85C Model Hold: 'mod10:inst1|74161:inst|f74161:sub|110'
 15. Slow 1200mV 85C Model Minimum Pulse Width: 'Clock'
 16. Slow 1200mV 85C Model Minimum Pulse Width: 'mod10:inst1|74161:inst|f74161:sub|110'
 17. Clock to Output Times
 18. Minimum Clock to Output Times
 19. Slow 1200mV 85C Model Metastability Report
 20. Slow 1200mV 0C Model Fmax Summary
 21. Slow 1200mV 0C Model Setup Summary
 22. Slow 1200mV 0C Model Hold Summary
 23. Slow 1200mV 0C Model Recovery Summary
 24. Slow 1200mV 0C Model Removal Summary
 25. Slow 1200mV 0C Model Minimum Pulse Width Summary
 26. Slow 1200mV 0C Model Setup: 'Clock'
 27. Slow 1200mV 0C Model Setup: 'mod10:inst1|74161:inst|f74161:sub|110'
 28. Slow 1200mV 0C Model Hold: 'Clock'
 29. Slow 1200mV 0C Model Hold: 'mod10:inst1|74161:inst|f74161:sub|110'
 30. Slow 1200mV 0C Model Minimum Pulse Width: 'Clock'
 31. Slow 1200mV 0C Model Minimum Pulse Width: 'mod10:inst1|74161:inst|f74161:sub|110'
 32. Clock to Output Times
 33. Minimum Clock to Output Times
 34. Slow 1200mV 0C Model Metastability Report
 35. Fast 1200mV 0C Model Setup Summary
 36. Fast 1200mV 0C Model Hold Summary
 37. Fast 1200mV 0C Model Recovery Summary
 38. Fast 1200mV 0C Model Removal Summary
 39. Fast 1200mV 0C Model Minimum Pulse Width Summary
 40. Fast 1200mV 0C Model Setup: 'Clock'
 41. Fast 1200mV 0C Model Setup: 'mod10:inst1|74161:inst|f74161:sub|110'
 42. Fast 1200mV 0C Model Hold: 'Clock'
 43. Fast 1200mV 0C Model Hold: 'mod10:inst1|74161:inst|f74161:sub|110'
 44. Fast 1200mV 0C Model Minimum Pulse Width: 'Clock'
 45. Fast 1200mV 0C Model Minimum Pulse Width: 'mod10:inst1|74161:inst|f74161:sub|110'
 46. Clock to Output Times
 47. Minimum Clock to Output Times
 48. Fast 1200mV 0C Model Metastability Report
 49. Multicorner Timing Analysis Summary
 50. Clock to Output Times
 51. Minimum Clock to Output Times
 52. Board Trace Model Assignments
 53. Input Transition Times
 54. Slow Corner Signal Integrity Metrics
 55. Fast Corner Signal Integrity Metrics
 56. Setup Transfers
 57. Hold Transfers
 58. Report TCCS
 59. Report RSKM
 60. Unconstrained Paths
 61. TimeQuest Timing Analyzer Messages



----------------
; Legal Notice ;
----------------
Copyright (C) 1991-2010 Altera Corporation
Your use of Altera Corporation's design tools, logic functions 
and other software and tools, and its AMPP partner logic 
functions, and any output files from any of the foregoing 
(including device programming or simulation files), and any 
associated documentation or information are expressly subject 
to the terms and conditions of the Altera Program License 
Subscription Agreement, Altera MegaCore Function License 
Agreement, or other applicable license agreement, including, 
without limitation, that your use is for the sole purpose of 
programming logic devices manufactured by Altera and sold by 
Altera or its authorized distributors.  Please refer to the 
applicable agreement for further details.



+-------------------------------------------------------------------------------------+
; TimeQuest Timing Analyzer Summary                                                   ;
+--------------------+----------------------------------------------------------------+
; Quartus II Version ; Version 9.1 Build 350 03/24/2010 Service Pack 2 SJ Web Edition ;
; Revision Name      ; Week15                                                         ;
; Device Family      ; Cyclone IV E                                                   ;
; Device Name        ; EP4CE6F17C8                                                    ;
; Timing Models      ; Preliminary                                                    ;
; Delay Model        ; Combined                                                       ;
; Rise/Fall Delays   ; Enabled                                                        ;
+--------------------+----------------------------------------------------------------+


Parallel compilation was disabled, but you have multiple processors available. Enable parallel compilation to reduce compilation time.
+-------------------------------------+
; Parallel Compilation                ;
+----------------------------+--------+
; Processors                 ; Number ;
+----------------------------+--------+
; Number detected on machine ; 8      ;
; Maximum allowed            ; 1      ;
+----------------------------+--------+


+----------------------------------------------------------------------------------------------------------------------------------------------------------------------------------------------------------------------------------------------+
; Clocks                                                                                                                                                                                                                                       ;
+---------------------------------------+------+--------+------------+-------+-------+------------+-----------+-------------+-------+--------+-----------+------------+----------+--------+--------+-------------------------------------------+
; Clock Name                            ; Type ; Period ; Frequency  ; Rise  ; Fall  ; Duty Cycle ; Divide by ; Multiply by ; Phase ; Offset ; Edge List ; Edge Shift ; Inverted ; Master ; Source ; Targets                                   ;
+---------------------------------------+------+--------+------------+-------+-------+------------+-----------+-------------+-------+--------+-----------+------------+----------+--------+--------+-------------------------------------------+
; Clock                                 ; Base ; 1.000  ; 1000.0 MHz ; 0.000 ; 0.500 ;            ;           ;             ;       ;        ;           ;            ;          ;        ;        ; { Clock }                                 ;
; mod10:inst1|74161:inst|f74161:sub|110 ; Base ; 1.000  ; 1000.0 MHz ; 0.000 ; 0.500 ;            ;           ;             ;       ;        ;           ;            ;          ;        ;        ; { mod10:inst1|74161:inst|f74161:sub|110 } ;
+---------------------------------------+------+--------+------------+-------+-------+------------+-----------+-------------+-------+--------+-----------+------------+----------+--------+--------+-------------------------------------------+


+--------------------------------------------------------------------------------------------------------------------------------------+
; Slow 1200mV 85C Model Fmax Summary                                                                                                   ;
+------------+-----------------+---------------------------------------+---------------------------------------------------------------+
; Fmax       ; Restricted Fmax ; Clock Name                            ; Note                                                          ;
+------------+-----------------+---------------------------------------+---------------------------------------------------------------+
; 401.45 MHz ; 250.0 MHz       ; Clock                                 ; limit due to minimum period restriction (max I/O toggle rate) ;
; 742.39 MHz ; 402.09 MHz      ; mod10:inst1|74161:inst|f74161:sub|110 ; limit due to minimum period restriction (tmin)                ;
+------------+-----------------+---------------------------------------+---------------------------------------------------------------+
This panel reports FMAX for every clock in the design, regardless of the user-specified clock periods.  FMAX is only computed for paths where the source and destination registers or ports are driven by the same clock.  Paths of different clocks, including generated clocks, are ignored.  For paths between a clock and its inversion, FMAX is computed as if the rising and falling edges are scaled along with FMAX, such that the duty cycle (in terms of a percentage) is maintained. Altera recommends that you always use clock constraints and other slack reports for sign-off analysis.


+----------------------------------------------------------------+
; Slow 1200mV 85C Model Setup Summary                            ;
+---------------------------------------+--------+---------------+
; Clock                                 ; Slack  ; End Point TNS ;
+---------------------------------------+--------+---------------+
; Clock                                 ; -1.491 ; -4.421        ;
; mod10:inst1|74161:inst|f74161:sub|110 ; -0.347 ; -0.592        ;
+---------------------------------------+--------+---------------+


+----------------------------------------------------------------+
; Slow 1200mV 85C Model Hold Summary                             ;
+---------------------------------------+--------+---------------+
; Clock                                 ; Slack  ; End Point TNS ;
+---------------------------------------+--------+---------------+
; Clock                                 ; -1.490 ; -5.525        ;
; mod10:inst1|74161:inst|f74161:sub|110 ; 0.431  ; 0.000         ;
+---------------------------------------+--------+---------------+


------------------------------------------
; Slow 1200mV 85C Model Recovery Summary ;
------------------------------------------
No paths to report.


-----------------------------------------
; Slow 1200mV 85C Model Removal Summary ;
-----------------------------------------
No paths to report.


+----------------------------------------------------------------+
; Slow 1200mV 85C Model Minimum Pulse Width Summary              ;
+---------------------------------------+--------+---------------+
; Clock                                 ; Slack  ; End Point TNS ;
+---------------------------------------+--------+---------------+
; Clock                                 ; -3.000 ; -8.948        ;
; mod10:inst1|74161:inst|f74161:sub|110 ; -1.487 ; -5.948        ;
+---------------------------------------+--------+---------------+


+---------------------------------------------------------------------------------------------------------------------------------------------------------------------------------------+
; Slow 1200mV 85C Model Setup: 'Clock'                                                                                                                                                  ;
+--------+---------------------------------------+---------------------------------------+---------------------------------------+-------------+--------------+------------+------------+
; Slack  ; From Node                             ; To Node                               ; Launch Clock                          ; Latch Clock ; Relationship ; Clock Skew ; Data Delay ;
+--------+---------------------------------------+---------------------------------------+---------------------------------------+-------------+--------------+------------+------------+
; -1.491 ; mod10:inst1|74161:inst|f74161:sub|9   ; mod10:inst1|74161:inst|f74161:sub|110 ; Clock                                 ; Clock       ; 1.000        ; -0.056     ; 2.456      ;
; -1.129 ; mod10:inst1|74161:inst|f74161:sub|87  ; mod10:inst1|74161:inst|f74161:sub|110 ; Clock                                 ; Clock       ; 1.000        ; -0.056     ; 2.094      ;
; -1.004 ; mod10:inst1|74161:inst|f74161:sub|9   ; mod10:inst1|74161:inst|f74161:sub|99  ; Clock                                 ; Clock       ; 1.000        ; -0.056     ; 1.969      ;
; -1.003 ; mod10:inst1|74161:inst|f74161:sub|9   ; mod10:inst1|74161:inst|f74161:sub|87  ; Clock                                 ; Clock       ; 1.000        ; -0.056     ; 1.968      ;
; -0.923 ; mod10:inst1|74161:inst|f74161:sub|9   ; mod10:inst1|74161:inst|f74161:sub|9   ; Clock                                 ; Clock       ; 1.000        ; -0.056     ; 1.888      ;
; -0.871 ; mod10:inst1|74161:inst|f74161:sub|99  ; mod10:inst1|74161:inst|f74161:sub|110 ; Clock                                 ; Clock       ; 1.000        ; -0.056     ; 1.836      ;
; -0.447 ; mod10:inst1|74161:inst|f74161:sub|87  ; mod10:inst1|74161:inst|f74161:sub|99  ; Clock                                 ; Clock       ; 1.000        ; -0.056     ; 1.412      ;
; 0.041  ; mod10:inst1|74161:inst|f74161:sub|110 ; mod10:inst1|74161:inst|f74161:sub|110 ; mod10:inst1|74161:inst|f74161:sub|110 ; Clock       ; 0.500        ; 2.620      ; 3.341      ;
; 0.107  ; mod10:inst1|74161:inst|f74161:sub|87  ; mod10:inst1|74161:inst|f74161:sub|87  ; Clock                                 ; Clock       ; 1.000        ; -0.056     ; 0.858      ;
; 0.107  ; mod10:inst1|74161:inst|f74161:sub|99  ; mod10:inst1|74161:inst|f74161:sub|99  ; Clock                                 ; Clock       ; 1.000        ; -0.056     ; 0.858      ;
; 0.360  ; mod10:inst1|74161:inst|f74161:sub|110 ; mod10:inst1|74161:inst|f74161:sub|110 ; mod10:inst1|74161:inst|f74161:sub|110 ; Clock       ; 1.000        ; 2.620      ; 3.522      ;
; 1.307  ; mod10:inst1|74161:inst|f74161:sub|110 ; mod10:inst1|74161:inst|f74161:sub|99  ; mod10:inst1|74161:inst|f74161:sub|110 ; Clock       ; 0.500        ; 2.620      ; 2.075      ;
; 1.308  ; mod10:inst1|74161:inst|f74161:sub|110 ; mod10:inst1|74161:inst|f74161:sub|87  ; mod10:inst1|74161:inst|f74161:sub|110 ; Clock       ; 0.500        ; 2.620      ; 2.074      ;
; 1.388  ; mod10:inst1|74161:inst|f74161:sub|110 ; mod10:inst1|74161:inst|f74161:sub|9   ; mod10:inst1|74161:inst|f74161:sub|110 ; Clock       ; 0.500        ; 2.620      ; 1.994      ;
; 1.871  ; mod10:inst1|74161:inst|f74161:sub|110 ; mod10:inst1|74161:inst|f74161:sub|87  ; mod10:inst1|74161:inst|f74161:sub|110 ; Clock       ; 1.000        ; 2.620      ; 2.011      ;
; 1.896  ; mod10:inst1|74161:inst|f74161:sub|110 ; mod10:inst1|74161:inst|f74161:sub|99  ; mod10:inst1|74161:inst|f74161:sub|110 ; Clock       ; 1.000        ; 2.620      ; 1.986      ;
; 2.069  ; mod10:inst1|74161:inst|f74161:sub|110 ; mod10:inst1|74161:inst|f74161:sub|9   ; mod10:inst1|74161:inst|f74161:sub|110 ; Clock       ; 1.000        ; 2.620      ; 1.813      ;
+--------+---------------------------------------+---------------------------------------+---------------------------------------+-------------+--------------+------------+------------+


+-----------------------------------------------------------------------------------------------------------------------------------------------------------------------------------------------------------------+
; Slow 1200mV 85C Model Setup: 'mod10:inst1|74161:inst|f74161:sub|110'                                                                                                                                            ;
+--------+---------------------------------------+---------------------------------------+---------------------------------------+---------------------------------------+--------------+------------+------------+
; Slack  ; From Node                             ; To Node                               ; Launch Clock                          ; Latch Clock                           ; Relationship ; Clock Skew ; Data Delay ;
+--------+---------------------------------------+---------------------------------------+---------------------------------------+---------------------------------------+--------------+------------+------------+
; -0.347 ; mod6:inst3|74161:inst|f74161:sub|9    ; mod6:inst3|74161:inst|f74161:sub|87   ; mod10:inst1|74161:inst|f74161:sub|110 ; mod10:inst1|74161:inst|f74161:sub|110 ; 1.000        ; -0.053     ; 1.315      ;
; -0.245 ; mod6:inst3|74161:inst|f74161:sub|87   ; mod6:inst3|74161:inst|f74161:sub|99   ; mod10:inst1|74161:inst|f74161:sub|110 ; mod10:inst1|74161:inst|f74161:sub|110 ; 1.000        ; -0.053     ; 1.213      ;
; 0.020  ; mod6:inst3|74161:inst|f74161:sub|9    ; mod6:inst3|74161:inst|f74161:sub|99   ; mod10:inst1|74161:inst|f74161:sub|110 ; mod10:inst1|74161:inst|f74161:sub|110 ; 1.000        ; -0.053     ; 0.948      ;
; 0.047  ; mod6:inst3|74161:inst|f74161:sub|99   ; mod6:inst3|74161:inst|f74161:sub|87   ; mod10:inst1|74161:inst|f74161:sub|110 ; mod10:inst1|74161:inst|f74161:sub|110 ; 1.000        ; -0.053     ; 0.921      ;
; 0.048  ; Switch:inst|74161:inst10|f74161:sub|9 ; Switch:inst|74161:inst10|f74161:sub|9 ; mod10:inst1|74161:inst|f74161:sub|110 ; mod10:inst1|74161:inst|f74161:sub|110 ; 1.000        ; -0.115     ; 0.858      ;
; 0.110  ; mod6:inst3|74161:inst|f74161:sub|9    ; mod6:inst3|74161:inst|f74161:sub|9    ; mod10:inst1|74161:inst|f74161:sub|110 ; mod10:inst1|74161:inst|f74161:sub|110 ; 1.000        ; -0.053     ; 0.858      ;
; 0.110  ; mod6:inst3|74161:inst|f74161:sub|87   ; mod6:inst3|74161:inst|f74161:sub|87   ; mod10:inst1|74161:inst|f74161:sub|110 ; mod10:inst1|74161:inst|f74161:sub|110 ; 1.000        ; -0.053     ; 0.858      ;
; 0.110  ; mod6:inst3|74161:inst|f74161:sub|99   ; mod6:inst3|74161:inst|f74161:sub|99   ; mod10:inst1|74161:inst|f74161:sub|110 ; mod10:inst1|74161:inst|f74161:sub|110 ; 1.000        ; -0.053     ; 0.858      ;
+--------+---------------------------------------+---------------------------------------+---------------------------------------+---------------------------------------+--------------+------------+------------+


+---------------------------------------------------------------------------------------------------------------------------------------------------------------------------------------+
; Slow 1200mV 85C Model Hold: 'Clock'                                                                                                                                                   ;
+--------+---------------------------------------+---------------------------------------+---------------------------------------+-------------+--------------+------------+------------+
; Slack  ; From Node                             ; To Node                               ; Launch Clock                          ; Latch Clock ; Relationship ; Clock Skew ; Data Delay ;
+--------+---------------------------------------+---------------------------------------+---------------------------------------+-------------+--------------+------------+------------+
; -1.490 ; mod10:inst1|74161:inst|f74161:sub|110 ; mod10:inst1|74161:inst|f74161:sub|9   ; mod10:inst1|74161:inst|f74161:sub|110 ; Clock       ; 0.000        ; 2.720      ; 1.723      ;
; -1.405 ; mod10:inst1|74161:inst|f74161:sub|110 ; mod10:inst1|74161:inst|f74161:sub|87  ; mod10:inst1|74161:inst|f74161:sub|110 ; Clock       ; 0.000        ; 2.720      ; 1.808      ;
; -1.404 ; mod10:inst1|74161:inst|f74161:sub|110 ; mod10:inst1|74161:inst|f74161:sub|99  ; mod10:inst1|74161:inst|f74161:sub|110 ; Clock       ; 0.000        ; 2.720      ; 1.809      ;
; -1.226 ; mod10:inst1|74161:inst|f74161:sub|110 ; mod10:inst1|74161:inst|f74161:sub|110 ; mod10:inst1|74161:inst|f74161:sub|110 ; Clock       ; 0.000        ; 2.720      ; 1.987      ;
; -0.806 ; mod10:inst1|74161:inst|f74161:sub|110 ; mod10:inst1|74161:inst|f74161:sub|9   ; mod10:inst1|74161:inst|f74161:sub|110 ; Clock       ; -0.500       ; 2.720      ; 1.907      ;
; -0.796 ; mod10:inst1|74161:inst|f74161:sub|110 ; mod10:inst1|74161:inst|f74161:sub|99  ; mod10:inst1|74161:inst|f74161:sub|110 ; Clock       ; -0.500       ; 2.720      ; 1.917      ;
; -0.796 ; mod10:inst1|74161:inst|f74161:sub|110 ; mod10:inst1|74161:inst|f74161:sub|87  ; mod10:inst1|74161:inst|f74161:sub|110 ; Clock       ; -0.500       ; 2.720      ; 1.917      ;
; -0.649 ; mod10:inst1|74161:inst|f74161:sub|110 ; mod10:inst1|74161:inst|f74161:sub|110 ; mod10:inst1|74161:inst|f74161:sub|110 ; Clock       ; -0.500       ; 2.720      ; 2.064      ;
; 0.478  ; mod10:inst1|74161:inst|f74161:sub|99  ; mod10:inst1|74161:inst|f74161:sub|99  ; Clock                                 ; Clock       ; 0.000        ; 0.056      ; 0.746      ;
; 0.478  ; mod10:inst1|74161:inst|f74161:sub|87  ; mod10:inst1|74161:inst|f74161:sub|87  ; Clock                                 ; Clock       ; 0.000        ; 0.056      ; 0.746      ;
; 0.490  ; mod10:inst1|74161:inst|f74161:sub|9   ; mod10:inst1|74161:inst|f74161:sub|9   ; Clock                                 ; Clock       ; 0.000        ; 0.056      ; 0.758      ;
; 1.031  ; mod10:inst1|74161:inst|f74161:sub|87  ; mod10:inst1|74161:inst|f74161:sub|99  ; Clock                                 ; Clock       ; 0.000        ; 0.056      ; 1.299      ;
; 1.037  ; mod10:inst1|74161:inst|f74161:sub|9   ; mod10:inst1|74161:inst|f74161:sub|99  ; Clock                                 ; Clock       ; 0.000        ; 0.056      ; 1.305      ;
; 1.037  ; mod10:inst1|74161:inst|f74161:sub|9   ; mod10:inst1|74161:inst|f74161:sub|87  ; Clock                                 ; Clock       ; 0.000        ; 0.056      ; 1.305      ;
; 1.399  ; mod10:inst1|74161:inst|f74161:sub|99  ; mod10:inst1|74161:inst|f74161:sub|110 ; Clock                                 ; Clock       ; 0.000        ; 0.056      ; 1.667      ;
; 1.601  ; mod10:inst1|74161:inst|f74161:sub|9   ; mod10:inst1|74161:inst|f74161:sub|110 ; Clock                                 ; Clock       ; 0.000        ; 0.056      ; 1.869      ;
; 1.687  ; mod10:inst1|74161:inst|f74161:sub|87  ; mod10:inst1|74161:inst|f74161:sub|110 ; Clock                                 ; Clock       ; 0.000        ; 0.056      ; 1.955      ;
+--------+---------------------------------------+---------------------------------------+---------------------------------------+-------------+--------------+------------+------------+


+----------------------------------------------------------------------------------------------------------------------------------------------------------------------------------------------------------------+
; Slow 1200mV 85C Model Hold: 'mod10:inst1|74161:inst|f74161:sub|110'                                                                                                                                            ;
+-------+---------------------------------------+---------------------------------------+---------------------------------------+---------------------------------------+--------------+------------+------------+
; Slack ; From Node                             ; To Node                               ; Launch Clock                          ; Latch Clock                           ; Relationship ; Clock Skew ; Data Delay ;
+-------+---------------------------------------+---------------------------------------+---------------------------------------+---------------------------------------+--------------+------------+------------+
; 0.431 ; Switch:inst|74161:inst10|f74161:sub|9 ; Switch:inst|74161:inst10|f74161:sub|9 ; mod10:inst1|74161:inst|f74161:sub|110 ; mod10:inst1|74161:inst|f74161:sub|110 ; 0.000        ; 0.115      ; 0.758      ;
; 0.481 ; mod6:inst3|74161:inst|f74161:sub|87   ; mod6:inst3|74161:inst|f74161:sub|87   ; mod10:inst1|74161:inst|f74161:sub|110 ; mod10:inst1|74161:inst|f74161:sub|110 ; 0.000        ; 0.053      ; 0.746      ;
; 0.481 ; mod6:inst3|74161:inst|f74161:sub|99   ; mod6:inst3|74161:inst|f74161:sub|99   ; mod10:inst1|74161:inst|f74161:sub|110 ; mod10:inst1|74161:inst|f74161:sub|110 ; 0.000        ; 0.053      ; 0.746      ;
; 0.493 ; mod6:inst3|74161:inst|f74161:sub|9    ; mod6:inst3|74161:inst|f74161:sub|9    ; mod10:inst1|74161:inst|f74161:sub|110 ; mod10:inst1|74161:inst|f74161:sub|110 ; 0.000        ; 0.053      ; 0.758      ;
; 0.537 ; mod6:inst3|74161:inst|f74161:sub|99   ; mod6:inst3|74161:inst|f74161:sub|87   ; mod10:inst1|74161:inst|f74161:sub|110 ; mod10:inst1|74161:inst|f74161:sub|110 ; 0.000        ; 0.053      ; 0.802      ;
; 0.554 ; mod6:inst3|74161:inst|f74161:sub|9    ; mod6:inst3|74161:inst|f74161:sub|99   ; mod10:inst1|74161:inst|f74161:sub|110 ; mod10:inst1|74161:inst|f74161:sub|110 ; 0.000        ; 0.053      ; 0.819      ;
; 0.794 ; mod6:inst3|74161:inst|f74161:sub|87   ; mod6:inst3|74161:inst|f74161:sub|99   ; mod10:inst1|74161:inst|f74161:sub|110 ; mod10:inst1|74161:inst|f74161:sub|110 ; 0.000        ; 0.053      ; 1.059      ;
; 0.838 ; mod6:inst3|74161:inst|f74161:sub|9    ; mod6:inst3|74161:inst|f74161:sub|87   ; mod10:inst1|74161:inst|f74161:sub|110 ; mod10:inst1|74161:inst|f74161:sub|110 ; 0.000        ; 0.053      ; 1.103      ;
+-------+---------------------------------------+---------------------------------------+---------------------------------------+---------------------------------------+--------------+------------+------------+


+------------------------------------------------------------------------------------------------------------------------+
; Slow 1200mV 85C Model Minimum Pulse Width: 'Clock'                                                                     ;
+--------+--------------+----------------+------------------+-------+------------+---------------------------------------+
; Slack  ; Actual Width ; Required Width ; Type             ; Clock ; Clock Edge ; Target                                ;
+--------+--------------+----------------+------------------+-------+------------+---------------------------------------+
; -3.000 ; 1.000        ; 4.000          ; Port Rate        ; Clock ; Rise       ; Clock                                 ;
; -1.487 ; 1.000        ; 2.487          ; Min Period       ; Clock ; Rise       ; mod10:inst1|74161:inst|f74161:sub|110 ;
; -1.487 ; 1.000        ; 2.487          ; Min Period       ; Clock ; Rise       ; mod10:inst1|74161:inst|f74161:sub|87  ;
; -1.487 ; 1.000        ; 2.487          ; Min Period       ; Clock ; Rise       ; mod10:inst1|74161:inst|f74161:sub|9   ;
; -1.487 ; 1.000        ; 2.487          ; Min Period       ; Clock ; Rise       ; mod10:inst1|74161:inst|f74161:sub|99  ;
; 0.172  ; 0.392        ; 0.220          ; High Pulse Width ; Clock ; Rise       ; mod10:inst1|74161:inst|f74161:sub|110 ;
; 0.172  ; 0.392        ; 0.220          ; High Pulse Width ; Clock ; Rise       ; mod10:inst1|74161:inst|f74161:sub|87  ;
; 0.172  ; 0.392        ; 0.220          ; High Pulse Width ; Clock ; Rise       ; mod10:inst1|74161:inst|f74161:sub|9   ;
; 0.172  ; 0.392        ; 0.220          ; High Pulse Width ; Clock ; Rise       ; mod10:inst1|74161:inst|f74161:sub|99  ;
; 0.416  ; 0.604        ; 0.188          ; Low Pulse Width  ; Clock ; Rise       ; mod10:inst1|74161:inst|f74161:sub|110 ;
; 0.416  ; 0.604        ; 0.188          ; Low Pulse Width  ; Clock ; Rise       ; mod10:inst1|74161:inst|f74161:sub|87  ;
; 0.416  ; 0.604        ; 0.188          ; Low Pulse Width  ; Clock ; Rise       ; mod10:inst1|74161:inst|f74161:sub|9   ;
; 0.416  ; 0.604        ; 0.188          ; Low Pulse Width  ; Clock ; Rise       ; mod10:inst1|74161:inst|f74161:sub|99  ;
; 0.441  ; 0.441        ; 0.000          ; High Pulse Width ; Clock ; Rise       ; inst1|inst|sub|110|clk                ;
; 0.441  ; 0.441        ; 0.000          ; High Pulse Width ; Clock ; Rise       ; inst1|inst|sub|87|clk                 ;
; 0.441  ; 0.441        ; 0.000          ; High Pulse Width ; Clock ; Rise       ; inst1|inst|sub|99|clk                 ;
; 0.441  ; 0.441        ; 0.000          ; High Pulse Width ; Clock ; Rise       ; inst1|inst|sub|9|clk                  ;
; 0.449  ; 0.449        ; 0.000          ; Low Pulse Width  ; Clock ; Rise       ; Clock~input|o                         ;
; 0.500  ; 0.500        ; 0.000          ; High Pulse Width ; Clock ; Rise       ; Clock~input|i                         ;
; 0.500  ; 0.500        ; 0.000          ; Low Pulse Width  ; Clock ; Rise       ; Clock~input|i                         ;
; 0.551  ; 0.551        ; 0.000          ; High Pulse Width ; Clock ; Rise       ; Clock~input|o                         ;
; 0.556  ; 0.556        ; 0.000          ; Low Pulse Width  ; Clock ; Rise       ; inst1|inst|sub|110|clk                ;
; 0.556  ; 0.556        ; 0.000          ; Low Pulse Width  ; Clock ; Rise       ; inst1|inst|sub|87|clk                 ;
; 0.556  ; 0.556        ; 0.000          ; Low Pulse Width  ; Clock ; Rise       ; inst1|inst|sub|99|clk                 ;
; 0.556  ; 0.556        ; 0.000          ; Low Pulse Width  ; Clock ; Rise       ; inst1|inst|sub|9|clk                  ;
+--------+--------------+----------------+------------------+-------+------------+---------------------------------------+


+--------------------------------------------------------------------------------------------------------------------------------------------------------+
; Slow 1200mV 85C Model Minimum Pulse Width: 'mod10:inst1|74161:inst|f74161:sub|110'                                                                     ;
+--------+--------------+----------------+------------------+---------------------------------------+------------+---------------------------------------+
; Slack  ; Actual Width ; Required Width ; Type             ; Clock                                 ; Clock Edge ; Target                                ;
+--------+--------------+----------------+------------------+---------------------------------------+------------+---------------------------------------+
; -1.487 ; 1.000        ; 2.487          ; Min Period       ; mod10:inst1|74161:inst|f74161:sub|110 ; Fall       ; Switch:inst|74161:inst10|f74161:sub|9 ;
; -1.487 ; 1.000        ; 2.487          ; Min Period       ; mod10:inst1|74161:inst|f74161:sub|110 ; Fall       ; mod6:inst3|74161:inst|f74161:sub|87   ;
; -1.487 ; 1.000        ; 2.487          ; Min Period       ; mod10:inst1|74161:inst|f74161:sub|110 ; Fall       ; mod6:inst3|74161:inst|f74161:sub|9    ;
; -1.487 ; 1.000        ; 2.487          ; Min Period       ; mod10:inst1|74161:inst|f74161:sub|110 ; Fall       ; mod6:inst3|74161:inst|f74161:sub|99   ;
; 0.073  ; 0.293        ; 0.220          ; High Pulse Width ; mod10:inst1|74161:inst|f74161:sub|110 ; Fall       ; Switch:inst|74161:inst10|f74161:sub|9 ;
; 0.164  ; 0.384        ; 0.220          ; High Pulse Width ; mod10:inst1|74161:inst|f74161:sub|110 ; Fall       ; mod6:inst3|74161:inst|f74161:sub|87   ;
; 0.164  ; 0.384        ; 0.220          ; High Pulse Width ; mod10:inst1|74161:inst|f74161:sub|110 ; Fall       ; mod6:inst3|74161:inst|f74161:sub|9    ;
; 0.164  ; 0.384        ; 0.220          ; High Pulse Width ; mod10:inst1|74161:inst|f74161:sub|110 ; Fall       ; mod6:inst3|74161:inst|f74161:sub|99   ;
; 0.342  ; 0.342        ; 0.000          ; High Pulse Width ; mod10:inst1|74161:inst|f74161:sub|110 ; Fall       ; inst|inst10|sub|9|clk                 ;
; 0.409  ; 0.409        ; 0.000          ; Low Pulse Width  ; mod10:inst1|74161:inst|f74161:sub|110 ; Rise       ; inst1|inst1|datac                     ;
; 0.410  ; 0.410        ; 0.000          ; Low Pulse Width  ; mod10:inst1|74161:inst|f74161:sub|110 ; Rise       ; inst18|datac                          ;
; 0.420  ; 0.420        ; 0.000          ; High Pulse Width ; mod10:inst1|74161:inst|f74161:sub|110 ; Fall       ; inst1|inst1|combout                   ;
; 0.421  ; 0.421        ; 0.000          ; High Pulse Width ; mod10:inst1|74161:inst|f74161:sub|110 ; Fall       ; inst18|combout                        ;
; 0.424  ; 0.612        ; 0.188          ; Low Pulse Width  ; mod10:inst1|74161:inst|f74161:sub|110 ; Fall       ; mod6:inst3|74161:inst|f74161:sub|87   ;
; 0.424  ; 0.612        ; 0.188          ; Low Pulse Width  ; mod10:inst1|74161:inst|f74161:sub|110 ; Fall       ; mod6:inst3|74161:inst|f74161:sub|9    ;
; 0.424  ; 0.612        ; 0.188          ; Low Pulse Width  ; mod10:inst1|74161:inst|f74161:sub|110 ; Fall       ; mod6:inst3|74161:inst|f74161:sub|99   ;
; 0.433  ; 0.433        ; 0.000          ; High Pulse Width ; mod10:inst1|74161:inst|f74161:sub|110 ; Fall       ; inst3|inst|sub|87|clk                 ;
; 0.433  ; 0.433        ; 0.000          ; High Pulse Width ; mod10:inst1|74161:inst|f74161:sub|110 ; Fall       ; inst3|inst|sub|99|clk                 ;
; 0.433  ; 0.433        ; 0.000          ; High Pulse Width ; mod10:inst1|74161:inst|f74161:sub|110 ; Fall       ; inst3|inst|sub|9|clk                  ;
; 0.500  ; 0.500        ; 0.000          ; High Pulse Width ; mod10:inst1|74161:inst|f74161:sub|110 ; Rise       ; inst1|inst|sub|110|q                  ;
; 0.500  ; 0.500        ; 0.000          ; Low Pulse Width  ; mod10:inst1|74161:inst|f74161:sub|110 ; Rise       ; inst1|inst|sub|110|q                  ;
; 0.512  ; 0.700        ; 0.188          ; Low Pulse Width  ; mod10:inst1|74161:inst|f74161:sub|110 ; Fall       ; Switch:inst|74161:inst10|f74161:sub|9 ;
; 0.564  ; 0.564        ; 0.000          ; Low Pulse Width  ; mod10:inst1|74161:inst|f74161:sub|110 ; Fall       ; inst3|inst|sub|87|clk                 ;
; 0.564  ; 0.564        ; 0.000          ; Low Pulse Width  ; mod10:inst1|74161:inst|f74161:sub|110 ; Fall       ; inst3|inst|sub|99|clk                 ;
; 0.564  ; 0.564        ; 0.000          ; Low Pulse Width  ; mod10:inst1|74161:inst|f74161:sub|110 ; Fall       ; inst3|inst|sub|9|clk                  ;
; 0.576  ; 0.576        ; 0.000          ; Low Pulse Width  ; mod10:inst1|74161:inst|f74161:sub|110 ; Fall       ; inst18|combout                        ;
; 0.576  ; 0.576        ; 0.000          ; Low Pulse Width  ; mod10:inst1|74161:inst|f74161:sub|110 ; Fall       ; inst1|inst1|combout                   ;
; 0.587  ; 0.587        ; 0.000          ; High Pulse Width ; mod10:inst1|74161:inst|f74161:sub|110 ; Rise       ; inst18|datac                          ;
; 0.587  ; 0.587        ; 0.000          ; High Pulse Width ; mod10:inst1|74161:inst|f74161:sub|110 ; Rise       ; inst1|inst1|datac                     ;
; 0.652  ; 0.652        ; 0.000          ; Low Pulse Width  ; mod10:inst1|74161:inst|f74161:sub|110 ; Fall       ; inst|inst10|sub|9|clk                 ;
+--------+--------------+----------------+------------------+---------------------------------------+------------+---------------------------------------+


+------------------------------------------------------------------------------------------------------------------------+
; Clock to Output Times                                                                                                  ;
+-----------+---------------------------------------+-------+-------+------------+---------------------------------------+
; Data Port ; Clock Port                            ; Rise  ; Fall  ; Clock Edge ; Clock Reference                       ;
+-----------+---------------------------------------+-------+-------+------------+---------------------------------------+
; D0        ; Clock                                 ; 8.599 ; 8.714 ; Rise       ; Clock                                 ;
; D1        ; Clock                                 ; 7.957 ; 7.910 ; Rise       ; Clock                                 ;
; D2        ; Clock                                 ; 9.373 ; 9.021 ; Rise       ; Clock                                 ;
; D3        ; Clock                                 ; 9.000 ; 9.240 ; Rise       ; Clock                                 ;
; E0        ; Clock                                 ; 6.848 ; 6.885 ; Rise       ; Clock                                 ;
; E1        ; Clock                                 ; 6.803 ; 6.770 ; Rise       ; Clock                                 ;
; E2        ; Clock                                 ; 8.638 ; 8.393 ; Rise       ; Clock                                 ;
; E3        ; Clock                                 ; 7.879 ; 8.065 ; Rise       ; Clock                                 ;
; D3        ; mod10:inst1|74161:inst|f74161:sub|110 ; 5.856 ; 6.059 ; Rise       ; mod10:inst1|74161:inst|f74161:sub|110 ;
; E3        ; mod10:inst1|74161:inst|f74161:sub|110 ; 4.735 ; 4.884 ; Rise       ; mod10:inst1|74161:inst|f74161:sub|110 ;
; D3        ; mod10:inst1|74161:inst|f74161:sub|110 ; 5.928 ; 6.146 ; Fall       ; mod10:inst1|74161:inst|f74161:sub|110 ;
; D4        ; mod10:inst1|74161:inst|f74161:sub|110 ; 6.402 ; 6.485 ; Fall       ; mod10:inst1|74161:inst|f74161:sub|110 ;
; D5        ; mod10:inst1|74161:inst|f74161:sub|110 ; 7.672 ; 7.388 ; Fall       ; mod10:inst1|74161:inst|f74161:sub|110 ;
; D6        ; mod10:inst1|74161:inst|f74161:sub|110 ; 8.097 ; 8.352 ; Fall       ; mod10:inst1|74161:inst|f74161:sub|110 ;
; D7        ; mod10:inst1|74161:inst|f74161:sub|110 ; 9.464 ; 9.595 ; Fall       ; mod10:inst1|74161:inst|f74161:sub|110 ;
; DG        ; mod10:inst1|74161:inst|f74161:sub|110 ; 7.212 ; 7.271 ; Fall       ; mod10:inst1|74161:inst|f74161:sub|110 ;
; DR        ; mod10:inst1|74161:inst|f74161:sub|110 ; 7.127 ; 7.008 ; Fall       ; mod10:inst1|74161:inst|f74161:sub|110 ;
; E3        ; mod10:inst1|74161:inst|f74161:sub|110 ; 4.807 ; 4.971 ; Fall       ; mod10:inst1|74161:inst|f74161:sub|110 ;
; E4        ; mod10:inst1|74161:inst|f74161:sub|110 ; 5.900 ; 6.021 ; Fall       ; mod10:inst1|74161:inst|f74161:sub|110 ;
; E5        ; mod10:inst1|74161:inst|f74161:sub|110 ; 6.388 ; 6.234 ; Fall       ; mod10:inst1|74161:inst|f74161:sub|110 ;
; E6        ; mod10:inst1|74161:inst|f74161:sub|110 ; 7.175 ; 7.367 ; Fall       ; mod10:inst1|74161:inst|f74161:sub|110 ;
; E7        ; mod10:inst1|74161:inst|f74161:sub|110 ; 7.217 ; 7.413 ; Fall       ; mod10:inst1|74161:inst|f74161:sub|110 ;
; EG        ; mod10:inst1|74161:inst|f74161:sub|110 ; 6.805 ; 6.708 ; Fall       ; mod10:inst1|74161:inst|f74161:sub|110 ;
; ER        ; mod10:inst1|74161:inst|f74161:sub|110 ; 6.725 ; 6.811 ; Fall       ; mod10:inst1|74161:inst|f74161:sub|110 ;
+-----------+---------------------------------------+-------+-------+------------+---------------------------------------+


+------------------------------------------------------------------------------------------------------------------------+
; Minimum Clock to Output Times                                                                                          ;
+-----------+---------------------------------------+-------+-------+------------+---------------------------------------+
; Data Port ; Clock Port                            ; Rise  ; Fall  ; Clock Edge ; Clock Reference                       ;
+-----------+---------------------------------------+-------+-------+------------+---------------------------------------+
; D0        ; Clock                                 ; 8.289 ; 8.401 ; Rise       ; Clock                                 ;
; D1        ; Clock                                 ; 7.674 ; 7.628 ; Rise       ; Clock                                 ;
; D2        ; Clock                                 ; 8.779 ; 8.428 ; Rise       ; Clock                                 ;
; D3        ; Clock                                 ; 8.274 ; 8.509 ; Rise       ; Clock                                 ;
; E0        ; Clock                                 ; 6.607 ; 6.643 ; Rise       ; Clock                                 ;
; E1        ; Clock                                 ; 6.561 ; 6.528 ; Rise       ; Clock                                 ;
; E2        ; Clock                                 ; 8.074 ; 7.826 ; Rise       ; Clock                                 ;
; E3        ; Clock                                 ; 7.198 ; 7.381 ; Rise       ; Clock                                 ;
; D3        ; mod10:inst1|74161:inst|f74161:sub|110 ; 5.561 ; 5.816 ; Rise       ; mod10:inst1|74161:inst|f74161:sub|110 ;
; E3        ; mod10:inst1|74161:inst|f74161:sub|110 ; 4.485 ; 4.688 ; Rise       ; mod10:inst1|74161:inst|f74161:sub|110 ;
; D3        ; mod10:inst1|74161:inst|f74161:sub|110 ; 5.686 ; 5.840 ; Fall       ; mod10:inst1|74161:inst|f74161:sub|110 ;
; D4        ; mod10:inst1|74161:inst|f74161:sub|110 ; 6.148 ; 6.229 ; Fall       ; mod10:inst1|74161:inst|f74161:sub|110 ;
; D5        ; mod10:inst1|74161:inst|f74161:sub|110 ; 7.368 ; 7.095 ; Fall       ; mod10:inst1|74161:inst|f74161:sub|110 ;
; D6        ; mod10:inst1|74161:inst|f74161:sub|110 ; 7.532 ; 7.810 ; Fall       ; mod10:inst1|74161:inst|f74161:sub|110 ;
; D7        ; mod10:inst1|74161:inst|f74161:sub|110 ; 8.932 ; 9.071 ; Fall       ; mod10:inst1|74161:inst|f74161:sub|110 ;
; DG        ; mod10:inst1|74161:inst|f74161:sub|110 ; 6.926 ; 6.985 ; Fall       ; mod10:inst1|74161:inst|f74161:sub|110 ;
; DR        ; mod10:inst1|74161:inst|f74161:sub|110 ; 6.846 ; 6.730 ; Fall       ; mod10:inst1|74161:inst|f74161:sub|110 ;
; E3        ; mod10:inst1|74161:inst|f74161:sub|110 ; 4.610 ; 4.712 ; Fall       ; mod10:inst1|74161:inst|f74161:sub|110 ;
; E4        ; mod10:inst1|74161:inst|f74161:sub|110 ; 5.666 ; 5.784 ; Fall       ; mod10:inst1|74161:inst|f74161:sub|110 ;
; E5        ; mod10:inst1|74161:inst|f74161:sub|110 ; 6.135 ; 5.986 ; Fall       ; mod10:inst1|74161:inst|f74161:sub|110 ;
; E6        ; mod10:inst1|74161:inst|f74161:sub|110 ; 6.646 ; 6.864 ; Fall       ; mod10:inst1|74161:inst|f74161:sub|110 ;
; E7        ; mod10:inst1|74161:inst|f74161:sub|110 ; 6.713 ; 6.919 ; Fall       ; mod10:inst1|74161:inst|f74161:sub|110 ;
; EG        ; mod10:inst1|74161:inst|f74161:sub|110 ; 6.537 ; 6.443 ; Fall       ; mod10:inst1|74161:inst|f74161:sub|110 ;
; ER        ; mod10:inst1|74161:inst|f74161:sub|110 ; 6.459 ; 6.543 ; Fall       ; mod10:inst1|74161:inst|f74161:sub|110 ;
+-----------+---------------------------------------+-------+-------+------------+---------------------------------------+


----------------------------------------------
; Slow 1200mV 85C Model Metastability Report ;
----------------------------------------------
No synchronizer chains to report.


+--------------------------------------------------------------------------------------------------------------------------------------+
; Slow 1200mV 0C Model Fmax Summary                                                                                                    ;
+------------+-----------------+---------------------------------------+---------------------------------------------------------------+
; Fmax       ; Restricted Fmax ; Clock Name                            ; Note                                                          ;
+------------+-----------------+---------------------------------------+---------------------------------------------------------------+
; 442.48 MHz ; 250.0 MHz       ; Clock                                 ; limit due to minimum period restriction (max I/O toggle rate) ;
; 825.76 MHz ; 402.09 MHz      ; mod10:inst1|74161:inst|f74161:sub|110 ; limit due to minimum period restriction (tmin)                ;
+------------+-----------------+---------------------------------------+---------------------------------------------------------------+
This panel reports FMAX for every clock in the design, regardless of the user-specified clock periods.  FMAX is only computed for paths where the source and destination registers or ports are driven by the same clock.  Paths of different clocks, including generated clocks, are ignored.  For paths between a clock and its inversion, FMAX is computed as if the rising and falling edges are scaled along with FMAX, such that the duty cycle (in terms of a percentage) is maintained. Altera recommends that you always use clock constraints and other slack reports for sign-off analysis.


+----------------------------------------------------------------+
; Slow 1200mV 0C Model Setup Summary                             ;
+---------------------------------------+--------+---------------+
; Clock                                 ; Slack  ; End Point TNS ;
+---------------------------------------+--------+---------------+
; Clock                                 ; -1.260 ; -3.800        ;
; mod10:inst1|74161:inst|f74161:sub|110 ; -0.211 ; -0.326        ;
+---------------------------------------+--------+---------------+


+----------------------------------------------------------------+
; Slow 1200mV 0C Model Hold Summary                              ;
+---------------------------------------+--------+---------------+
; Clock                                 ; Slack  ; End Point TNS ;
+---------------------------------------+--------+---------------+
; Clock                                 ; -1.509 ; -5.622        ;
; mod10:inst1|74161:inst|f74161:sub|110 ; 0.383  ; 0.000         ;
+---------------------------------------+--------+---------------+


-----------------------------------------
; Slow 1200mV 0C Model Recovery Summary ;
-----------------------------------------
No paths to report.


----------------------------------------
; Slow 1200mV 0C Model Removal Summary ;
----------------------------------------
No paths to report.


+----------------------------------------------------------------+
; Slow 1200mV 0C Model Minimum Pulse Width Summary               ;
+---------------------------------------+--------+---------------+
; Clock                                 ; Slack  ; End Point TNS ;
+---------------------------------------+--------+---------------+
; Clock                                 ; -3.000 ; -8.948        ;
; mod10:inst1|74161:inst|f74161:sub|110 ; -1.487 ; -5.948        ;
+---------------------------------------+--------+---------------+


+---------------------------------------------------------------------------------------------------------------------------------------------------------------------------------------+
; Slow 1200mV 0C Model Setup: 'Clock'                                                                                                                                                   ;
+--------+---------------------------------------+---------------------------------------+---------------------------------------+-------------+--------------+------------+------------+
; Slack  ; From Node                             ; To Node                               ; Launch Clock                          ; Latch Clock ; Relationship ; Clock Skew ; Data Delay ;
+--------+---------------------------------------+---------------------------------------+---------------------------------------+-------------+--------------+------------+------------+
; -1.260 ; mod10:inst1|74161:inst|f74161:sub|9   ; mod10:inst1|74161:inst|f74161:sub|110 ; Clock                                 ; Clock       ; 1.000        ; -0.051     ; 2.231      ;
; -0.936 ; mod10:inst1|74161:inst|f74161:sub|87  ; mod10:inst1|74161:inst|f74161:sub|110 ; Clock                                 ; Clock       ; 1.000        ; -0.051     ; 1.907      ;
; -0.866 ; mod10:inst1|74161:inst|f74161:sub|9   ; mod10:inst1|74161:inst|f74161:sub|87  ; Clock                                 ; Clock       ; 1.000        ; -0.051     ; 1.837      ;
; -0.865 ; mod10:inst1|74161:inst|f74161:sub|9   ; mod10:inst1|74161:inst|f74161:sub|99  ; Clock                                 ; Clock       ; 1.000        ; -0.051     ; 1.836      ;
; -0.809 ; mod10:inst1|74161:inst|f74161:sub|9   ; mod10:inst1|74161:inst|f74161:sub|9   ; Clock                                 ; Clock       ; 1.000        ; -0.051     ; 1.780      ;
; -0.699 ; mod10:inst1|74161:inst|f74161:sub|99  ; mod10:inst1|74161:inst|f74161:sub|110 ; Clock                                 ; Clock       ; 1.000        ; -0.051     ; 1.670      ;
; -0.373 ; mod10:inst1|74161:inst|f74161:sub|87  ; mod10:inst1|74161:inst|f74161:sub|99  ; Clock                                 ; Clock       ; 1.000        ; -0.051     ; 1.344      ;
; 0.201  ; mod10:inst1|74161:inst|f74161:sub|87  ; mod10:inst1|74161:inst|f74161:sub|87  ; Clock                                 ; Clock       ; 1.000        ; -0.051     ; 0.770      ;
; 0.201  ; mod10:inst1|74161:inst|f74161:sub|99  ; mod10:inst1|74161:inst|f74161:sub|99  ; Clock                                 ; Clock       ; 1.000        ; -0.051     ; 0.770      ;
; 0.249  ; mod10:inst1|74161:inst|f74161:sub|110 ; mod10:inst1|74161:inst|f74161:sub|110 ; mod10:inst1|74161:inst|f74161:sub|110 ; Clock       ; 0.500        ; 2.526      ; 3.019      ;
; 0.446  ; mod10:inst1|74161:inst|f74161:sub|110 ; mod10:inst1|74161:inst|f74161:sub|110 ; mod10:inst1|74161:inst|f74161:sub|110 ; Clock       ; 1.000        ; 2.526      ; 3.322      ;
; 1.336  ; mod10:inst1|74161:inst|f74161:sub|110 ; mod10:inst1|74161:inst|f74161:sub|87  ; mod10:inst1|74161:inst|f74161:sub|110 ; Clock       ; 0.500        ; 2.526      ; 1.932      ;
; 1.337  ; mod10:inst1|74161:inst|f74161:sub|110 ; mod10:inst1|74161:inst|f74161:sub|99  ; mod10:inst1|74161:inst|f74161:sub|110 ; Clock       ; 0.500        ; 2.526      ; 1.931      ;
; 1.393  ; mod10:inst1|74161:inst|f74161:sub|110 ; mod10:inst1|74161:inst|f74161:sub|9   ; mod10:inst1|74161:inst|f74161:sub|110 ; Clock       ; 0.500        ; 2.526      ; 1.875      ;
; 1.940  ; mod10:inst1|74161:inst|f74161:sub|110 ; mod10:inst1|74161:inst|f74161:sub|87  ; mod10:inst1|74161:inst|f74161:sub|110 ; Clock       ; 1.000        ; 2.526      ; 1.828      ;
; 1.963  ; mod10:inst1|74161:inst|f74161:sub|110 ; mod10:inst1|74161:inst|f74161:sub|99  ; mod10:inst1|74161:inst|f74161:sub|110 ; Clock       ; 1.000        ; 2.526      ; 1.805      ;
; 2.122  ; mod10:inst1|74161:inst|f74161:sub|110 ; mod10:inst1|74161:inst|f74161:sub|9   ; mod10:inst1|74161:inst|f74161:sub|110 ; Clock       ; 1.000        ; 2.526      ; 1.646      ;
+--------+---------------------------------------+---------------------------------------+---------------------------------------+-------------+--------------+------------+------------+


+-----------------------------------------------------------------------------------------------------------------------------------------------------------------------------------------------------------------+
; Slow 1200mV 0C Model Setup: 'mod10:inst1|74161:inst|f74161:sub|110'                                                                                                                                             ;
+--------+---------------------------------------+---------------------------------------+---------------------------------------+---------------------------------------+--------------+------------+------------+
; Slack  ; From Node                             ; To Node                               ; Launch Clock                          ; Latch Clock                           ; Relationship ; Clock Skew ; Data Delay ;
+--------+---------------------------------------+---------------------------------------+---------------------------------------+---------------------------------------+--------------+------------+------------+
; -0.211 ; mod6:inst3|74161:inst|f74161:sub|9    ; mod6:inst3|74161:inst|f74161:sub|87   ; mod10:inst1|74161:inst|f74161:sub|110 ; mod10:inst1|74161:inst|f74161:sub|110 ; 1.000        ; -0.047     ; 1.186      ;
; -0.115 ; mod6:inst3|74161:inst|f74161:sub|87   ; mod6:inst3|74161:inst|f74161:sub|99   ; mod10:inst1|74161:inst|f74161:sub|110 ; mod10:inst1|74161:inst|f74161:sub|110 ; 1.000        ; -0.047     ; 1.090      ;
; 0.115  ; mod6:inst3|74161:inst|f74161:sub|9    ; mod6:inst3|74161:inst|f74161:sub|99   ; mod10:inst1|74161:inst|f74161:sub|110 ; mod10:inst1|74161:inst|f74161:sub|110 ; 1.000        ; -0.047     ; 0.860      ;
; 0.138  ; mod6:inst3|74161:inst|f74161:sub|99   ; mod6:inst3|74161:inst|f74161:sub|87   ; mod10:inst1|74161:inst|f74161:sub|110 ; mod10:inst1|74161:inst|f74161:sub|110 ; 1.000        ; -0.047     ; 0.837      ;
; 0.146  ; Switch:inst|74161:inst10|f74161:sub|9 ; Switch:inst|74161:inst10|f74161:sub|9 ; mod10:inst1|74161:inst|f74161:sub|110 ; mod10:inst1|74161:inst|f74161:sub|110 ; 1.000        ; -0.106     ; 0.770      ;
; 0.205  ; mod6:inst3|74161:inst|f74161:sub|9    ; mod6:inst3|74161:inst|f74161:sub|9    ; mod10:inst1|74161:inst|f74161:sub|110 ; mod10:inst1|74161:inst|f74161:sub|110 ; 1.000        ; -0.047     ; 0.770      ;
; 0.205  ; mod6:inst3|74161:inst|f74161:sub|87   ; mod6:inst3|74161:inst|f74161:sub|87   ; mod10:inst1|74161:inst|f74161:sub|110 ; mod10:inst1|74161:inst|f74161:sub|110 ; 1.000        ; -0.047     ; 0.770      ;
; 0.205  ; mod6:inst3|74161:inst|f74161:sub|99   ; mod6:inst3|74161:inst|f74161:sub|99   ; mod10:inst1|74161:inst|f74161:sub|110 ; mod10:inst1|74161:inst|f74161:sub|110 ; 1.000        ; -0.047     ; 0.770      ;
+--------+---------------------------------------+---------------------------------------+---------------------------------------+---------------------------------------+--------------+------------+------------+


+---------------------------------------------------------------------------------------------------------------------------------------------------------------------------------------+
; Slow 1200mV 0C Model Hold: 'Clock'                                                                                                                                                    ;
+--------+---------------------------------------+---------------------------------------+---------------------------------------+-------------+--------------+------------+------------+
; Slack  ; From Node                             ; To Node                               ; Launch Clock                          ; Latch Clock ; Relationship ; Clock Skew ; Data Delay ;
+--------+---------------------------------------+---------------------------------------+---------------------------------------+-------------+--------------+------------+------------+
; -1.509 ; mod10:inst1|74161:inst|f74161:sub|110 ; mod10:inst1|74161:inst|f74161:sub|9   ; mod10:inst1|74161:inst|f74161:sub|110 ; Clock       ; 0.000        ; 2.619      ; 1.565      ;
; -1.433 ; mod10:inst1|74161:inst|f74161:sub|110 ; mod10:inst1|74161:inst|f74161:sub|87  ; mod10:inst1|74161:inst|f74161:sub|110 ; Clock       ; 0.000        ; 2.619      ; 1.641      ;
; -1.432 ; mod10:inst1|74161:inst|f74161:sub|110 ; mod10:inst1|74161:inst|f74161:sub|99  ; mod10:inst1|74161:inst|f74161:sub|110 ; Clock       ; 0.000        ; 2.619      ; 1.642      ;
; -1.248 ; mod10:inst1|74161:inst|f74161:sub|110 ; mod10:inst1|74161:inst|f74161:sub|110 ; mod10:inst1|74161:inst|f74161:sub|110 ; Clock       ; 0.000        ; 2.619      ; 1.826      ;
; -0.794 ; mod10:inst1|74161:inst|f74161:sub|110 ; mod10:inst1|74161:inst|f74161:sub|99  ; mod10:inst1|74161:inst|f74161:sub|110 ; Clock       ; -0.500       ; 2.619      ; 1.780      ;
; -0.793 ; mod10:inst1|74161:inst|f74161:sub|110 ; mod10:inst1|74161:inst|f74161:sub|87  ; mod10:inst1|74161:inst|f74161:sub|110 ; Clock       ; -0.500       ; 2.619      ; 1.781      ;
; -0.779 ; mod10:inst1|74161:inst|f74161:sub|110 ; mod10:inst1|74161:inst|f74161:sub|9   ; mod10:inst1|74161:inst|f74161:sub|110 ; Clock       ; -0.500       ; 2.619      ; 1.795      ;
; -0.671 ; mod10:inst1|74161:inst|f74161:sub|110 ; mod10:inst1|74161:inst|f74161:sub|110 ; mod10:inst1|74161:inst|f74161:sub|110 ; Clock       ; -0.500       ; 2.619      ; 1.903      ;
; 0.423  ; mod10:inst1|74161:inst|f74161:sub|99  ; mod10:inst1|74161:inst|f74161:sub|99  ; Clock                                 ; Clock       ; 0.000        ; 0.051      ; 0.669      ;
; 0.423  ; mod10:inst1|74161:inst|f74161:sub|87  ; mod10:inst1|74161:inst|f74161:sub|87  ; Clock                                 ; Clock       ; 0.000        ; 0.051      ; 0.669      ;
; 0.438  ; mod10:inst1|74161:inst|f74161:sub|9   ; mod10:inst1|74161:inst|f74161:sub|9   ; Clock                                 ; Clock       ; 0.000        ; 0.051      ; 0.684      ;
; 0.911  ; mod10:inst1|74161:inst|f74161:sub|87  ; mod10:inst1|74161:inst|f74161:sub|99  ; Clock                                 ; Clock       ; 0.000        ; 0.051      ; 1.157      ;
; 0.950  ; mod10:inst1|74161:inst|f74161:sub|9   ; mod10:inst1|74161:inst|f74161:sub|87  ; Clock                                 ; Clock       ; 0.000        ; 0.051      ; 1.196      ;
; 0.953  ; mod10:inst1|74161:inst|f74161:sub|9   ; mod10:inst1|74161:inst|f74161:sub|99  ; Clock                                 ; Clock       ; 0.000        ; 0.051      ; 1.199      ;
; 1.306  ; mod10:inst1|74161:inst|f74161:sub|99  ; mod10:inst1|74161:inst|f74161:sub|110 ; Clock                                 ; Clock       ; 0.000        ; 0.051      ; 1.552      ;
; 1.471  ; mod10:inst1|74161:inst|f74161:sub|9   ; mod10:inst1|74161:inst|f74161:sub|110 ; Clock                                 ; Clock       ; 0.000        ; 0.051      ; 1.717      ;
; 1.566  ; mod10:inst1|74161:inst|f74161:sub|87  ; mod10:inst1|74161:inst|f74161:sub|110 ; Clock                                 ; Clock       ; 0.000        ; 0.051      ; 1.812      ;
+--------+---------------------------------------+---------------------------------------+---------------------------------------+-------------+--------------+------------+------------+


+----------------------------------------------------------------------------------------------------------------------------------------------------------------------------------------------------------------+
; Slow 1200mV 0C Model Hold: 'mod10:inst1|74161:inst|f74161:sub|110'                                                                                                                                             ;
+-------+---------------------------------------+---------------------------------------+---------------------------------------+---------------------------------------+--------------+------------+------------+
; Slack ; From Node                             ; To Node                               ; Launch Clock                          ; Latch Clock                           ; Relationship ; Clock Skew ; Data Delay ;
+-------+---------------------------------------+---------------------------------------+---------------------------------------+---------------------------------------+--------------+------------+------------+
; 0.383 ; Switch:inst|74161:inst10|f74161:sub|9 ; Switch:inst|74161:inst10|f74161:sub|9 ; mod10:inst1|74161:inst|f74161:sub|110 ; mod10:inst1|74161:inst|f74161:sub|110 ; 0.000        ; 0.106      ; 0.684      ;
; 0.427 ; mod6:inst3|74161:inst|f74161:sub|87   ; mod6:inst3|74161:inst|f74161:sub|87   ; mod10:inst1|74161:inst|f74161:sub|110 ; mod10:inst1|74161:inst|f74161:sub|110 ; 0.000        ; 0.047      ; 0.669      ;
; 0.427 ; mod6:inst3|74161:inst|f74161:sub|99   ; mod6:inst3|74161:inst|f74161:sub|99   ; mod10:inst1|74161:inst|f74161:sub|110 ; mod10:inst1|74161:inst|f74161:sub|110 ; 0.000        ; 0.047      ; 0.669      ;
; 0.442 ; mod6:inst3|74161:inst|f74161:sub|9    ; mod6:inst3|74161:inst|f74161:sub|9    ; mod10:inst1|74161:inst|f74161:sub|110 ; mod10:inst1|74161:inst|f74161:sub|110 ; 0.000        ; 0.047      ; 0.684      ;
; 0.495 ; mod6:inst3|74161:inst|f74161:sub|99   ; mod6:inst3|74161:inst|f74161:sub|87   ; mod10:inst1|74161:inst|f74161:sub|110 ; mod10:inst1|74161:inst|f74161:sub|110 ; 0.000        ; 0.047      ; 0.737      ;
; 0.511 ; mod6:inst3|74161:inst|f74161:sub|9    ; mod6:inst3|74161:inst|f74161:sub|99   ; mod10:inst1|74161:inst|f74161:sub|110 ; mod10:inst1|74161:inst|f74161:sub|110 ; 0.000        ; 0.047      ; 0.753      ;
; 0.738 ; mod6:inst3|74161:inst|f74161:sub|87   ; mod6:inst3|74161:inst|f74161:sub|99   ; mod10:inst1|74161:inst|f74161:sub|110 ; mod10:inst1|74161:inst|f74161:sub|110 ; 0.000        ; 0.047      ; 0.980      ;
; 0.781 ; mod6:inst3|74161:inst|f74161:sub|9    ; mod6:inst3|74161:inst|f74161:sub|87   ; mod10:inst1|74161:inst|f74161:sub|110 ; mod10:inst1|74161:inst|f74161:sub|110 ; 0.000        ; 0.047      ; 1.023      ;
+-------+---------------------------------------+---------------------------------------+---------------------------------------+---------------------------------------+--------------+------------+------------+


+------------------------------------------------------------------------------------------------------------------------+
; Slow 1200mV 0C Model Minimum Pulse Width: 'Clock'                                                                      ;
+--------+--------------+----------------+------------------+-------+------------+---------------------------------------+
; Slack  ; Actual Width ; Required Width ; Type             ; Clock ; Clock Edge ; Target                                ;
+--------+--------------+----------------+------------------+-------+------------+---------------------------------------+
; -3.000 ; 1.000        ; 4.000          ; Port Rate        ; Clock ; Rise       ; Clock                                 ;
; -1.487 ; 1.000        ; 2.487          ; Min Period       ; Clock ; Rise       ; mod10:inst1|74161:inst|f74161:sub|110 ;
; -1.487 ; 1.000        ; 2.487          ; Min Period       ; Clock ; Rise       ; mod10:inst1|74161:inst|f74161:sub|87  ;
; -1.487 ; 1.000        ; 2.487          ; Min Period       ; Clock ; Rise       ; mod10:inst1|74161:inst|f74161:sub|9   ;
; -1.487 ; 1.000        ; 2.487          ; Min Period       ; Clock ; Rise       ; mod10:inst1|74161:inst|f74161:sub|99  ;
; 0.095  ; 0.311        ; 0.216          ; High Pulse Width ; Clock ; Rise       ; mod10:inst1|74161:inst|f74161:sub|110 ;
; 0.095  ; 0.311        ; 0.216          ; High Pulse Width ; Clock ; Rise       ; mod10:inst1|74161:inst|f74161:sub|87  ;
; 0.095  ; 0.311        ; 0.216          ; High Pulse Width ; Clock ; Rise       ; mod10:inst1|74161:inst|f74161:sub|9   ;
; 0.095  ; 0.311        ; 0.216          ; High Pulse Width ; Clock ; Rise       ; mod10:inst1|74161:inst|f74161:sub|99  ;
; 0.365  ; 0.365        ; 0.000          ; High Pulse Width ; Clock ; Rise       ; inst1|inst|sub|110|clk                ;
; 0.365  ; 0.365        ; 0.000          ; High Pulse Width ; Clock ; Rise       ; inst1|inst|sub|87|clk                 ;
; 0.365  ; 0.365        ; 0.000          ; High Pulse Width ; Clock ; Rise       ; inst1|inst|sub|99|clk                 ;
; 0.365  ; 0.365        ; 0.000          ; High Pulse Width ; Clock ; Rise       ; inst1|inst|sub|9|clk                  ;
; 0.449  ; 0.449        ; 0.000          ; Low Pulse Width  ; Clock ; Rise       ; Clock~input|o                         ;
; 0.496  ; 0.680        ; 0.184          ; Low Pulse Width  ; Clock ; Rise       ; mod10:inst1|74161:inst|f74161:sub|110 ;
; 0.496  ; 0.680        ; 0.184          ; Low Pulse Width  ; Clock ; Rise       ; mod10:inst1|74161:inst|f74161:sub|87  ;
; 0.496  ; 0.680        ; 0.184          ; Low Pulse Width  ; Clock ; Rise       ; mod10:inst1|74161:inst|f74161:sub|9   ;
; 0.496  ; 0.680        ; 0.184          ; Low Pulse Width  ; Clock ; Rise       ; mod10:inst1|74161:inst|f74161:sub|99  ;
; 0.500  ; 0.500        ; 0.000          ; High Pulse Width ; Clock ; Rise       ; Clock~input|i                         ;
; 0.500  ; 0.500        ; 0.000          ; Low Pulse Width  ; Clock ; Rise       ; Clock~input|i                         ;
; 0.551  ; 0.551        ; 0.000          ; High Pulse Width ; Clock ; Rise       ; Clock~input|o                         ;
; 0.629  ; 0.629        ; 0.000          ; Low Pulse Width  ; Clock ; Rise       ; inst1|inst|sub|110|clk                ;
; 0.629  ; 0.629        ; 0.000          ; Low Pulse Width  ; Clock ; Rise       ; inst1|inst|sub|87|clk                 ;
; 0.629  ; 0.629        ; 0.000          ; Low Pulse Width  ; Clock ; Rise       ; inst1|inst|sub|99|clk                 ;
; 0.629  ; 0.629        ; 0.000          ; Low Pulse Width  ; Clock ; Rise       ; inst1|inst|sub|9|clk                  ;
+--------+--------------+----------------+------------------+-------+------------+---------------------------------------+


+--------------------------------------------------------------------------------------------------------------------------------------------------------+
; Slow 1200mV 0C Model Minimum Pulse Width: 'mod10:inst1|74161:inst|f74161:sub|110'                                                                      ;
+--------+--------------+----------------+------------------+---------------------------------------+------------+---------------------------------------+
; Slack  ; Actual Width ; Required Width ; Type             ; Clock                                 ; Clock Edge ; Target                                ;
+--------+--------------+----------------+------------------+---------------------------------------+------------+---------------------------------------+
; -1.487 ; 1.000        ; 2.487          ; Min Period       ; mod10:inst1|74161:inst|f74161:sub|110 ; Fall       ; Switch:inst|74161:inst10|f74161:sub|9 ;
; -1.487 ; 1.000        ; 2.487          ; Min Period       ; mod10:inst1|74161:inst|f74161:sub|110 ; Fall       ; mod6:inst3|74161:inst|f74161:sub|87   ;
; -1.487 ; 1.000        ; 2.487          ; Min Period       ; mod10:inst1|74161:inst|f74161:sub|110 ; Fall       ; mod6:inst3|74161:inst|f74161:sub|9    ;
; -1.487 ; 1.000        ; 2.487          ; Min Period       ; mod10:inst1|74161:inst|f74161:sub|110 ; Fall       ; mod6:inst3|74161:inst|f74161:sub|99   ;
; 0.023  ; 0.239        ; 0.216          ; High Pulse Width ; mod10:inst1|74161:inst|f74161:sub|110 ; Fall       ; Switch:inst|74161:inst10|f74161:sub|9 ;
; 0.184  ; 0.400        ; 0.216          ; High Pulse Width ; mod10:inst1|74161:inst|f74161:sub|110 ; Fall       ; mod6:inst3|74161:inst|f74161:sub|87   ;
; 0.184  ; 0.400        ; 0.216          ; High Pulse Width ; mod10:inst1|74161:inst|f74161:sub|110 ; Fall       ; mod6:inst3|74161:inst|f74161:sub|9    ;
; 0.184  ; 0.400        ; 0.216          ; High Pulse Width ; mod10:inst1|74161:inst|f74161:sub|110 ; Fall       ; mod6:inst3|74161:inst|f74161:sub|99   ;
; 0.293  ; 0.293        ; 0.000          ; High Pulse Width ; mod10:inst1|74161:inst|f74161:sub|110 ; Fall       ; inst|inst10|sub|9|clk                 ;
; 0.413  ; 0.597        ; 0.184          ; Low Pulse Width  ; mod10:inst1|74161:inst|f74161:sub|110 ; Fall       ; mod6:inst3|74161:inst|f74161:sub|87   ;
; 0.413  ; 0.597        ; 0.184          ; Low Pulse Width  ; mod10:inst1|74161:inst|f74161:sub|110 ; Fall       ; mod6:inst3|74161:inst|f74161:sub|9    ;
; 0.413  ; 0.597        ; 0.184          ; Low Pulse Width  ; mod10:inst1|74161:inst|f74161:sub|110 ; Fall       ; mod6:inst3|74161:inst|f74161:sub|99   ;
; 0.430  ; 0.430        ; 0.000          ; Low Pulse Width  ; mod10:inst1|74161:inst|f74161:sub|110 ; Rise       ; inst18|datac                          ;
; 0.431  ; 0.431        ; 0.000          ; Low Pulse Width  ; mod10:inst1|74161:inst|f74161:sub|110 ; Rise       ; inst1|inst1|datac                     ;
; 0.444  ; 0.444        ; 0.000          ; High Pulse Width ; mod10:inst1|74161:inst|f74161:sub|110 ; Fall       ; inst18|combout                        ;
; 0.445  ; 0.445        ; 0.000          ; High Pulse Width ; mod10:inst1|74161:inst|f74161:sub|110 ; Fall       ; inst1|inst1|combout                   ;
; 0.454  ; 0.454        ; 0.000          ; High Pulse Width ; mod10:inst1|74161:inst|f74161:sub|110 ; Fall       ; inst3|inst|sub|87|clk                 ;
; 0.454  ; 0.454        ; 0.000          ; High Pulse Width ; mod10:inst1|74161:inst|f74161:sub|110 ; Fall       ; inst3|inst|sub|99|clk                 ;
; 0.454  ; 0.454        ; 0.000          ; High Pulse Width ; mod10:inst1|74161:inst|f74161:sub|110 ; Fall       ; inst3|inst|sub|9|clk                  ;
; 0.500  ; 0.500        ; 0.000          ; High Pulse Width ; mod10:inst1|74161:inst|f74161:sub|110 ; Rise       ; inst1|inst|sub|110|q                  ;
; 0.500  ; 0.500        ; 0.000          ; Low Pulse Width  ; mod10:inst1|74161:inst|f74161:sub|110 ; Rise       ; inst1|inst|sub|110|q                  ;
; 0.546  ; 0.546        ; 0.000          ; Low Pulse Width  ; mod10:inst1|74161:inst|f74161:sub|110 ; Fall       ; inst3|inst|sub|87|clk                 ;
; 0.546  ; 0.546        ; 0.000          ; Low Pulse Width  ; mod10:inst1|74161:inst|f74161:sub|110 ; Fall       ; inst3|inst|sub|99|clk                 ;
; 0.546  ; 0.546        ; 0.000          ; Low Pulse Width  ; mod10:inst1|74161:inst|f74161:sub|110 ; Fall       ; inst3|inst|sub|9|clk                  ;
; 0.554  ; 0.554        ; 0.000          ; Low Pulse Width  ; mod10:inst1|74161:inst|f74161:sub|110 ; Fall       ; inst18|combout                        ;
; 0.554  ; 0.554        ; 0.000          ; Low Pulse Width  ; mod10:inst1|74161:inst|f74161:sub|110 ; Fall       ; inst1|inst1|combout                   ;
; 0.565  ; 0.749        ; 0.184          ; Low Pulse Width  ; mod10:inst1|74161:inst|f74161:sub|110 ; Fall       ; Switch:inst|74161:inst10|f74161:sub|9 ;
; 0.567  ; 0.567        ; 0.000          ; High Pulse Width ; mod10:inst1|74161:inst|f74161:sub|110 ; Rise       ; inst18|datac                          ;
; 0.567  ; 0.567        ; 0.000          ; High Pulse Width ; mod10:inst1|74161:inst|f74161:sub|110 ; Rise       ; inst1|inst1|datac                     ;
; 0.698  ; 0.698        ; 0.000          ; Low Pulse Width  ; mod10:inst1|74161:inst|f74161:sub|110 ; Fall       ; inst|inst10|sub|9|clk                 ;
+--------+--------------+----------------+------------------+---------------------------------------+------------+---------------------------------------+


+------------------------------------------------------------------------------------------------------------------------+
; Clock to Output Times                                                                                                  ;
+-----------+---------------------------------------+-------+-------+------------+---------------------------------------+
; Data Port ; Clock Port                            ; Rise  ; Fall  ; Clock Edge ; Clock Reference                       ;
+-----------+---------------------------------------+-------+-------+------------+---------------------------------------+
; D0        ; Clock                                 ; 8.168 ; 8.425 ; Rise       ; Clock                                 ;
; D1        ; Clock                                 ; 7.696 ; 7.573 ; Rise       ; Clock                                 ;
; D2        ; Clock                                 ; 9.137 ; 8.593 ; Rise       ; Clock                                 ;
; D3        ; Clock                                 ; 8.573 ; 8.977 ; Rise       ; Clock                                 ;
; E0        ; Clock                                 ; 6.596 ; 6.685 ; Rise       ; Clock                                 ;
; E1        ; Clock                                 ; 6.595 ; 6.529 ; Rise       ; Clock                                 ;
; E2        ; Clock                                 ; 8.419 ; 8.031 ; Rise       ; Clock                                 ;
; E3        ; Clock                                 ; 7.579 ; 7.851 ; Rise       ; Clock                                 ;
; D3        ; mod10:inst1|74161:inst|f74161:sub|110 ; 5.534 ; 5.900 ; Rise       ; mod10:inst1|74161:inst|f74161:sub|110 ;
; E3        ; mod10:inst1|74161:inst|f74161:sub|110 ; 4.540 ; 4.774 ; Rise       ; mod10:inst1|74161:inst|f74161:sub|110 ;
; D3        ; mod10:inst1|74161:inst|f74161:sub|110 ; 5.568 ; 5.946 ; Fall       ; mod10:inst1|74161:inst|f74161:sub|110 ;
; D4        ; mod10:inst1|74161:inst|f74161:sub|110 ; 6.031 ; 6.228 ; Fall       ; mod10:inst1|74161:inst|f74161:sub|110 ;
; D5        ; mod10:inst1|74161:inst|f74161:sub|110 ; 7.417 ; 6.912 ; Fall       ; mod10:inst1|74161:inst|f74161:sub|110 ;
; D6        ; mod10:inst1|74161:inst|f74161:sub|110 ; 7.574 ; 8.014 ; Fall       ; mod10:inst1|74161:inst|f74161:sub|110 ;
; D7        ; mod10:inst1|74161:inst|f74161:sub|110 ; 8.979 ; 9.216 ; Fall       ; mod10:inst1|74161:inst|f74161:sub|110 ;
; DG        ; mod10:inst1|74161:inst|f74161:sub|110 ; 6.839 ; 6.997 ; Fall       ; mod10:inst1|74161:inst|f74161:sub|110 ;
; DR        ; mod10:inst1|74161:inst|f74161:sub|110 ; 6.869 ; 6.658 ; Fall       ; mod10:inst1|74161:inst|f74161:sub|110 ;
; E3        ; mod10:inst1|74161:inst|f74161:sub|110 ; 4.574 ; 4.820 ; Fall       ; mod10:inst1|74161:inst|f74161:sub|110 ;
; E4        ; mod10:inst1|74161:inst|f74161:sub|110 ; 5.587 ; 5.788 ; Fall       ; mod10:inst1|74161:inst|f74161:sub|110 ;
; E5        ; mod10:inst1|74161:inst|f74161:sub|110 ; 6.143 ; 5.884 ; Fall       ; mod10:inst1|74161:inst|f74161:sub|110 ;
; E6        ; mod10:inst1|74161:inst|f74161:sub|110 ; 6.761 ; 7.049 ; Fall       ; mod10:inst1|74161:inst|f74161:sub|110 ;
; E7        ; mod10:inst1|74161:inst|f74161:sub|110 ; 6.814 ; 7.055 ; Fall       ; mod10:inst1|74161:inst|f74161:sub|110 ;
; EG        ; mod10:inst1|74161:inst|f74161:sub|110 ; 6.558 ; 6.393 ; Fall       ; mod10:inst1|74161:inst|f74161:sub|110 ;
; ER        ; mod10:inst1|74161:inst|f74161:sub|110 ; 6.405 ; 6.564 ; Fall       ; mod10:inst1|74161:inst|f74161:sub|110 ;
+-----------+---------------------------------------+-------+-------+------------+---------------------------------------+


+------------------------------------------------------------------------------------------------------------------------+
; Minimum Clock to Output Times                                                                                          ;
+-----------+---------------------------------------+-------+-------+------------+---------------------------------------+
; Data Port ; Clock Port                            ; Rise  ; Fall  ; Clock Edge ; Clock Reference                       ;
+-----------+---------------------------------------+-------+-------+------------+---------------------------------------+
; D0        ; Clock                                 ; 7.866 ; 8.113 ; Rise       ; Clock                                 ;
; D1        ; Clock                                 ; 7.414 ; 7.294 ; Rise       ; Clock                                 ;
; D2        ; Clock                                 ; 8.525 ; 8.002 ; Rise       ; Clock                                 ;
; D3        ; Clock                                 ; 7.854 ; 8.245 ; Rise       ; Clock                                 ;
; E0        ; Clock                                 ; 6.358 ; 6.444 ; Rise       ; Clock                                 ;
; E1        ; Clock                                 ; 6.354 ; 6.289 ; Rise       ; Clock                                 ;
; E2        ; Clock                                 ; 7.836 ; 7.461 ; Rise       ; Clock                                 ;
; E3        ; Clock                                 ; 6.900 ; 7.163 ; Rise       ; Clock                                 ;
; D3        ; mod10:inst1|74161:inst|f74161:sub|110 ; 5.248 ; 5.648 ; Rise       ; mod10:inst1|74161:inst|f74161:sub|110 ;
; E3        ; mod10:inst1|74161:inst|f74161:sub|110 ; 4.294 ; 4.566 ; Rise       ; mod10:inst1|74161:inst|f74161:sub|110 ;
; D3        ; mod10:inst1|74161:inst|f74161:sub|110 ; 5.330 ; 5.642 ; Fall       ; mod10:inst1|74161:inst|f74161:sub|110 ;
; D4        ; mod10:inst1|74161:inst|f74161:sub|110 ; 5.784 ; 5.975 ; Fall       ; mod10:inst1|74161:inst|f74161:sub|110 ;
; D5        ; mod10:inst1|74161:inst|f74161:sub|110 ; 7.116 ; 6.630 ; Fall       ; mod10:inst1|74161:inst|f74161:sub|110 ;
; D6        ; mod10:inst1|74161:inst|f74161:sub|110 ; 7.056 ; 7.477 ; Fall       ; mod10:inst1|74161:inst|f74161:sub|110 ;
; D7        ; mod10:inst1|74161:inst|f74161:sub|110 ; 8.469 ; 8.730 ; Fall       ; mod10:inst1|74161:inst|f74161:sub|110 ;
; DG        ; mod10:inst1|74161:inst|f74161:sub|110 ; 6.559 ; 6.712 ; Fall       ; mod10:inst1|74161:inst|f74161:sub|110 ;
; DR        ; mod10:inst1|74161:inst|f74161:sub|110 ; 6.589 ; 6.385 ; Fall       ; mod10:inst1|74161:inst|f74161:sub|110 ;
; E3        ; mod10:inst1|74161:inst|f74161:sub|110 ; 4.376 ; 4.560 ; Fall       ; mod10:inst1|74161:inst|f74161:sub|110 ;
; E4        ; mod10:inst1|74161:inst|f74161:sub|110 ; 5.358 ; 5.552 ; Fall       ; mod10:inst1|74161:inst|f74161:sub|110 ;
; E5        ; mod10:inst1|74161:inst|f74161:sub|110 ; 5.893 ; 5.643 ; Fall       ; mod10:inst1|74161:inst|f74161:sub|110 ;
; E6        ; mod10:inst1|74161:inst|f74161:sub|110 ; 6.275 ; 6.551 ; Fall       ; mod10:inst1|74161:inst|f74161:sub|110 ;
; E7        ; mod10:inst1|74161:inst|f74161:sub|110 ; 6.329 ; 6.597 ; Fall       ; mod10:inst1|74161:inst|f74161:sub|110 ;
; EG        ; mod10:inst1|74161:inst|f74161:sub|110 ; 6.291 ; 6.131 ; Fall       ; mod10:inst1|74161:inst|f74161:sub|110 ;
; ER        ; mod10:inst1|74161:inst|f74161:sub|110 ; 6.143 ; 6.296 ; Fall       ; mod10:inst1|74161:inst|f74161:sub|110 ;
+-----------+---------------------------------------+-------+-------+------------+---------------------------------------+


---------------------------------------------
; Slow 1200mV 0C Model Metastability Report ;
---------------------------------------------
No synchronizer chains to report.


+----------------------------------------------------------------+
; Fast 1200mV 0C Model Setup Summary                             ;
+---------------------------------------+--------+---------------+
; Clock                                 ; Slack  ; End Point TNS ;
+---------------------------------------+--------+---------------+
; Clock                                 ; -0.049 ; -0.049        ;
; mod10:inst1|74161:inst|f74161:sub|110 ; 0.415  ; 0.000         ;
+---------------------------------------+--------+---------------+


+----------------------------------------------------------------+
; Fast 1200mV 0C Model Hold Summary                              ;
+---------------------------------------+--------+---------------+
; Clock                                 ; Slack  ; End Point TNS ;
+---------------------------------------+--------+---------------+
; Clock                                 ; -0.598 ; -2.255        ;
; mod10:inst1|74161:inst|f74161:sub|110 ; 0.181  ; 0.000         ;
+---------------------------------------+--------+---------------+


-----------------------------------------
; Fast 1200mV 0C Model Recovery Summary ;
-----------------------------------------
No paths to report.


----------------------------------------
; Fast 1200mV 0C Model Removal Summary ;
----------------------------------------
No paths to report.


+----------------------------------------------------------------+
; Fast 1200mV 0C Model Minimum Pulse Width Summary               ;
+---------------------------------------+--------+---------------+
; Clock                                 ; Slack  ; End Point TNS ;
+---------------------------------------+--------+---------------+
; Clock                                 ; -3.000 ; -7.420        ;
; mod10:inst1|74161:inst|f74161:sub|110 ; -1.000 ; -4.000        ;
+---------------------------------------+--------+---------------+


+---------------------------------------------------------------------------------------------------------------------------------------------------------------------------------------+
; Fast 1200mV 0C Model Setup: 'Clock'                                                                                                                                                   ;
+--------+---------------------------------------+---------------------------------------+---------------------------------------+-------------+--------------+------------+------------+
; Slack  ; From Node                             ; To Node                               ; Launch Clock                          ; Latch Clock ; Relationship ; Clock Skew ; Data Delay ;
+--------+---------------------------------------+---------------------------------------+---------------------------------------+-------------+--------------+------------+------------+
; -0.049 ; mod10:inst1|74161:inst|f74161:sub|9   ; mod10:inst1|74161:inst|f74161:sub|110 ; Clock                                 ; Clock       ; 1.000        ; -0.026     ; 1.030      ;
; 0.112  ; mod10:inst1|74161:inst|f74161:sub|87  ; mod10:inst1|74161:inst|f74161:sub|110 ; Clock                                 ; Clock       ; 1.000        ; -0.026     ; 0.869      ;
; 0.118  ; mod10:inst1|74161:inst|f74161:sub|110 ; mod10:inst1|74161:inst|f74161:sub|110 ; mod10:inst1|74161:inst|f74161:sub|110 ; Clock       ; 0.500        ; 1.087      ; 1.561      ;
; 0.166  ; mod10:inst1|74161:inst|f74161:sub|9   ; mod10:inst1|74161:inst|f74161:sub|87  ; Clock                                 ; Clock       ; 1.000        ; -0.026     ; 0.815      ;
; 0.175  ; mod10:inst1|74161:inst|f74161:sub|9   ; mod10:inst1|74161:inst|f74161:sub|99  ; Clock                                 ; Clock       ; 1.000        ; -0.026     ; 0.806      ;
; 0.224  ; mod10:inst1|74161:inst|f74161:sub|99  ; mod10:inst1|74161:inst|f74161:sub|110 ; Clock                                 ; Clock       ; 1.000        ; -0.026     ; 0.757      ;
; 0.240  ; mod10:inst1|74161:inst|f74161:sub|9   ; mod10:inst1|74161:inst|f74161:sub|9   ; Clock                                 ; Clock       ; 1.000        ; -0.026     ; 0.741      ;
; 0.369  ; mod10:inst1|74161:inst|f74161:sub|87  ; mod10:inst1|74161:inst|f74161:sub|99  ; Clock                                 ; Clock       ; 1.000        ; -0.026     ; 0.612      ;
; 0.622  ; mod10:inst1|74161:inst|f74161:sub|87  ; mod10:inst1|74161:inst|f74161:sub|87  ; Clock                                 ; Clock       ; 1.000        ; -0.026     ; 0.359      ;
; 0.622  ; mod10:inst1|74161:inst|f74161:sub|99  ; mod10:inst1|74161:inst|f74161:sub|99  ; Clock                                 ; Clock       ; 1.000        ; -0.026     ; 0.359      ;
; 0.749  ; mod10:inst1|74161:inst|f74161:sub|110 ; mod10:inst1|74161:inst|f74161:sub|110 ; mod10:inst1|74161:inst|f74161:sub|110 ; Clock       ; 1.000        ; 1.087      ; 1.430      ;
; 0.847  ; mod10:inst1|74161:inst|f74161:sub|110 ; mod10:inst1|74161:inst|f74161:sub|99  ; mod10:inst1|74161:inst|f74161:sub|110 ; Clock       ; 0.500        ; 1.087      ; 0.832      ;
; 0.848  ; mod10:inst1|74161:inst|f74161:sub|110 ; mod10:inst1|74161:inst|f74161:sub|87  ; mod10:inst1|74161:inst|f74161:sub|110 ; Clock       ; 0.500        ; 1.087      ; 0.831      ;
; 0.901  ; mod10:inst1|74161:inst|f74161:sub|110 ; mod10:inst1|74161:inst|f74161:sub|9   ; mod10:inst1|74161:inst|f74161:sub|110 ; Clock       ; 0.500        ; 1.087      ; 0.778      ;
; 1.318  ; mod10:inst1|74161:inst|f74161:sub|110 ; mod10:inst1|74161:inst|f74161:sub|87  ; mod10:inst1|74161:inst|f74161:sub|110 ; Clock       ; 1.000        ; 1.087      ; 0.861      ;
; 1.327  ; mod10:inst1|74161:inst|f74161:sub|110 ; mod10:inst1|74161:inst|f74161:sub|99  ; mod10:inst1|74161:inst|f74161:sub|110 ; Clock       ; 1.000        ; 1.087      ; 0.852      ;
; 1.398  ; mod10:inst1|74161:inst|f74161:sub|110 ; mod10:inst1|74161:inst|f74161:sub|9   ; mod10:inst1|74161:inst|f74161:sub|110 ; Clock       ; 1.000        ; 1.087      ; 0.781      ;
+--------+---------------------------------------+---------------------------------------+---------------------------------------+-------------+--------------+------------+------------+


+----------------------------------------------------------------------------------------------------------------------------------------------------------------------------------------------------------------+
; Fast 1200mV 0C Model Setup: 'mod10:inst1|74161:inst|f74161:sub|110'                                                                                                                                            ;
+-------+---------------------------------------+---------------------------------------+---------------------------------------+---------------------------------------+--------------+------------+------------+
; Slack ; From Node                             ; To Node                               ; Launch Clock                          ; Latch Clock                           ; Relationship ; Clock Skew ; Data Delay ;
+-------+---------------------------------------+---------------------------------------+---------------------------------------+---------------------------------------+--------------+------------+------------+
; 0.415 ; mod6:inst3|74161:inst|f74161:sub|9    ; mod6:inst3|74161:inst|f74161:sub|87   ; mod10:inst1|74161:inst|f74161:sub|110 ; mod10:inst1|74161:inst|f74161:sub|110 ; 1.000        ; -0.024     ; 0.568      ;
; 0.462 ; mod6:inst3|74161:inst|f74161:sub|87   ; mod6:inst3|74161:inst|f74161:sub|99   ; mod10:inst1|74161:inst|f74161:sub|110 ; mod10:inst1|74161:inst|f74161:sub|110 ; 1.000        ; -0.024     ; 0.521      ;
; 0.585 ; mod6:inst3|74161:inst|f74161:sub|9    ; mod6:inst3|74161:inst|f74161:sub|99   ; mod10:inst1|74161:inst|f74161:sub|110 ; mod10:inst1|74161:inst|f74161:sub|110 ; 1.000        ; -0.024     ; 0.398      ;
; 0.599 ; Switch:inst|74161:inst10|f74161:sub|9 ; Switch:inst|74161:inst10|f74161:sub|9 ; mod10:inst1|74161:inst|f74161:sub|110 ; mod10:inst1|74161:inst|f74161:sub|110 ; 1.000        ; -0.049     ; 0.359      ;
; 0.603 ; mod6:inst3|74161:inst|f74161:sub|99   ; mod6:inst3|74161:inst|f74161:sub|87   ; mod10:inst1|74161:inst|f74161:sub|110 ; mod10:inst1|74161:inst|f74161:sub|110 ; 1.000        ; -0.024     ; 0.380      ;
; 0.624 ; mod6:inst3|74161:inst|f74161:sub|9    ; mod6:inst3|74161:inst|f74161:sub|9    ; mod10:inst1|74161:inst|f74161:sub|110 ; mod10:inst1|74161:inst|f74161:sub|110 ; 1.000        ; -0.024     ; 0.359      ;
; 0.624 ; mod6:inst3|74161:inst|f74161:sub|87   ; mod6:inst3|74161:inst|f74161:sub|87   ; mod10:inst1|74161:inst|f74161:sub|110 ; mod10:inst1|74161:inst|f74161:sub|110 ; 1.000        ; -0.024     ; 0.359      ;
; 0.624 ; mod6:inst3|74161:inst|f74161:sub|99   ; mod6:inst3|74161:inst|f74161:sub|99   ; mod10:inst1|74161:inst|f74161:sub|110 ; mod10:inst1|74161:inst|f74161:sub|110 ; 1.000        ; -0.024     ; 0.359      ;
+-------+---------------------------------------+---------------------------------------+---------------------------------------+---------------------------------------+--------------+------------+------------+


+---------------------------------------------------------------------------------------------------------------------------------------------------------------------------------------+
; Fast 1200mV 0C Model Hold: 'Clock'                                                                                                                                                    ;
+--------+---------------------------------------+---------------------------------------+---------------------------------------+-------------+--------------+------------+------------+
; Slack  ; From Node                             ; To Node                               ; Launch Clock                          ; Latch Clock ; Relationship ; Clock Skew ; Data Delay ;
+--------+---------------------------------------+---------------------------------------+---------------------------------------+-------------+--------------+------------+------------+
; -0.598 ; mod10:inst1|74161:inst|f74161:sub|110 ; mod10:inst1|74161:inst|f74161:sub|9   ; mod10:inst1|74161:inst|f74161:sub|110 ; Clock       ; 0.000        ; 1.132      ; 0.743      ;
; -0.567 ; mod10:inst1|74161:inst|f74161:sub|110 ; mod10:inst1|74161:inst|f74161:sub|87  ; mod10:inst1|74161:inst|f74161:sub|110 ; Clock       ; 0.000        ; 1.132      ; 0.774      ;
; -0.566 ; mod10:inst1|74161:inst|f74161:sub|110 ; mod10:inst1|74161:inst|f74161:sub|99  ; mod10:inst1|74161:inst|f74161:sub|110 ; Clock       ; 0.000        ; 1.132      ; 0.775      ;
; -0.524 ; mod10:inst1|74161:inst|f74161:sub|110 ; mod10:inst1|74161:inst|f74161:sub|110 ; mod10:inst1|74161:inst|f74161:sub|110 ; Clock       ; 0.000        ; 1.132      ; 0.817      ;
; -0.095 ; mod10:inst1|74161:inst|f74161:sub|110 ; mod10:inst1|74161:inst|f74161:sub|9   ; mod10:inst1|74161:inst|f74161:sub|110 ; Clock       ; -0.500       ; 1.132      ; 0.746      ;
; -0.072 ; mod10:inst1|74161:inst|f74161:sub|110 ; mod10:inst1|74161:inst|f74161:sub|87  ; mod10:inst1|74161:inst|f74161:sub|110 ; Clock       ; -0.500       ; 1.132      ; 0.769      ;
; -0.071 ; mod10:inst1|74161:inst|f74161:sub|110 ; mod10:inst1|74161:inst|f74161:sub|99  ; mod10:inst1|74161:inst|f74161:sub|110 ; Clock       ; -0.500       ; 1.132      ; 0.770      ;
; -0.018 ; mod10:inst1|74161:inst|f74161:sub|110 ; mod10:inst1|74161:inst|f74161:sub|110 ; mod10:inst1|74161:inst|f74161:sub|110 ; Clock       ; -0.500       ; 1.132      ; 0.823      ;
; 0.197  ; mod10:inst1|74161:inst|f74161:sub|99  ; mod10:inst1|74161:inst|f74161:sub|99  ; Clock                                 ; Clock       ; 0.000        ; 0.026      ; 0.307      ;
; 0.197  ; mod10:inst1|74161:inst|f74161:sub|87  ; mod10:inst1|74161:inst|f74161:sub|87  ; Clock                                 ; Clock       ; 0.000        ; 0.026      ; 0.307      ;
; 0.204  ; mod10:inst1|74161:inst|f74161:sub|9   ; mod10:inst1|74161:inst|f74161:sub|9   ; Clock                                 ; Clock       ; 0.000        ; 0.026      ; 0.314      ;
; 0.403  ; mod10:inst1|74161:inst|f74161:sub|9   ; mod10:inst1|74161:inst|f74161:sub|87  ; Clock                                 ; Clock       ; 0.000        ; 0.026      ; 0.513      ;
; 0.404  ; mod10:inst1|74161:inst|f74161:sub|9   ; mod10:inst1|74161:inst|f74161:sub|99  ; Clock                                 ; Clock       ; 0.000        ; 0.026      ; 0.514      ;
; 0.404  ; mod10:inst1|74161:inst|f74161:sub|87  ; mod10:inst1|74161:inst|f74161:sub|99  ; Clock                                 ; Clock       ; 0.000        ; 0.026      ; 0.514      ;
; 0.548  ; mod10:inst1|74161:inst|f74161:sub|99  ; mod10:inst1|74161:inst|f74161:sub|110 ; Clock                                 ; Clock       ; 0.000        ; 0.026      ; 0.658      ;
; 0.657  ; mod10:inst1|74161:inst|f74161:sub|87  ; mod10:inst1|74161:inst|f74161:sub|110 ; Clock                                 ; Clock       ; 0.000        ; 0.026      ; 0.767      ;
; 0.664  ; mod10:inst1|74161:inst|f74161:sub|9   ; mod10:inst1|74161:inst|f74161:sub|110 ; Clock                                 ; Clock       ; 0.000        ; 0.026      ; 0.774      ;
+--------+---------------------------------------+---------------------------------------+---------------------------------------+-------------+--------------+------------+------------+


+----------------------------------------------------------------------------------------------------------------------------------------------------------------------------------------------------------------+
; Fast 1200mV 0C Model Hold: 'mod10:inst1|74161:inst|f74161:sub|110'                                                                                                                                             ;
+-------+---------------------------------------+---------------------------------------+---------------------------------------+---------------------------------------+--------------+------------+------------+
; Slack ; From Node                             ; To Node                               ; Launch Clock                          ; Latch Clock                           ; Relationship ; Clock Skew ; Data Delay ;
+-------+---------------------------------------+---------------------------------------+---------------------------------------+---------------------------------------+--------------+------------+------------+
; 0.181 ; Switch:inst|74161:inst10|f74161:sub|9 ; Switch:inst|74161:inst10|f74161:sub|9 ; mod10:inst1|74161:inst|f74161:sub|110 ; mod10:inst1|74161:inst|f74161:sub|110 ; 0.000        ; 0.049      ; 0.314      ;
; 0.199 ; mod6:inst3|74161:inst|f74161:sub|87   ; mod6:inst3|74161:inst|f74161:sub|87   ; mod10:inst1|74161:inst|f74161:sub|110 ; mod10:inst1|74161:inst|f74161:sub|110 ; 0.000        ; 0.024      ; 0.307      ;
; 0.199 ; mod6:inst3|74161:inst|f74161:sub|99   ; mod6:inst3|74161:inst|f74161:sub|99   ; mod10:inst1|74161:inst|f74161:sub|110 ; mod10:inst1|74161:inst|f74161:sub|110 ; 0.000        ; 0.024      ; 0.307      ;
; 0.206 ; mod6:inst3|74161:inst|f74161:sub|9    ; mod6:inst3|74161:inst|f74161:sub|9    ; mod10:inst1|74161:inst|f74161:sub|110 ; mod10:inst1|74161:inst|f74161:sub|110 ; 0.000        ; 0.024      ; 0.314      ;
; 0.221 ; mod6:inst3|74161:inst|f74161:sub|99   ; mod6:inst3|74161:inst|f74161:sub|87   ; mod10:inst1|74161:inst|f74161:sub|110 ; mod10:inst1|74161:inst|f74161:sub|110 ; 0.000        ; 0.024      ; 0.329      ;
; 0.227 ; mod6:inst3|74161:inst|f74161:sub|9    ; mod6:inst3|74161:inst|f74161:sub|99   ; mod10:inst1|74161:inst|f74161:sub|110 ; mod10:inst1|74161:inst|f74161:sub|110 ; 0.000        ; 0.024      ; 0.335      ;
; 0.318 ; mod6:inst3|74161:inst|f74161:sub|87   ; mod6:inst3|74161:inst|f74161:sub|99   ; mod10:inst1|74161:inst|f74161:sub|110 ; mod10:inst1|74161:inst|f74161:sub|110 ; 0.000        ; 0.024      ; 0.426      ;
; 0.342 ; mod6:inst3|74161:inst|f74161:sub|9    ; mod6:inst3|74161:inst|f74161:sub|87   ; mod10:inst1|74161:inst|f74161:sub|110 ; mod10:inst1|74161:inst|f74161:sub|110 ; 0.000        ; 0.024      ; 0.450      ;
+-------+---------------------------------------+---------------------------------------+---------------------------------------+---------------------------------------+--------------+------------+------------+


+------------------------------------------------------------------------------------------------------------------------+
; Fast 1200mV 0C Model Minimum Pulse Width: 'Clock'                                                                      ;
+--------+--------------+----------------+------------------+-------+------------+---------------------------------------+
; Slack  ; Actual Width ; Required Width ; Type             ; Clock ; Clock Edge ; Target                                ;
+--------+--------------+----------------+------------------+-------+------------+---------------------------------------+
; -3.000 ; 1.000        ; 4.000          ; Port Rate        ; Clock ; Rise       ; Clock                                 ;
; -1.000 ; 1.000        ; 2.000          ; Min Period       ; Clock ; Rise       ; mod10:inst1|74161:inst|f74161:sub|110 ;
; -1.000 ; 1.000        ; 2.000          ; Min Period       ; Clock ; Rise       ; mod10:inst1|74161:inst|f74161:sub|87  ;
; -1.000 ; 1.000        ; 2.000          ; Min Period       ; Clock ; Rise       ; mod10:inst1|74161:inst|f74161:sub|9   ;
; -1.000 ; 1.000        ; 2.000          ; Min Period       ; Clock ; Rise       ; mod10:inst1|74161:inst|f74161:sub|99  ;
; -0.105 ; 0.079        ; 0.184          ; Low Pulse Width  ; Clock ; Rise       ; mod10:inst1|74161:inst|f74161:sub|110 ;
; -0.105 ; 0.079        ; 0.184          ; Low Pulse Width  ; Clock ; Rise       ; mod10:inst1|74161:inst|f74161:sub|87  ;
; -0.105 ; 0.079        ; 0.184          ; Low Pulse Width  ; Clock ; Rise       ; mod10:inst1|74161:inst|f74161:sub|9   ;
; -0.105 ; 0.079        ; 0.184          ; Low Pulse Width  ; Clock ; Rise       ; mod10:inst1|74161:inst|f74161:sub|99  ;
; 0.075  ; 0.075        ; 0.000          ; Low Pulse Width  ; Clock ; Rise       ; inst1|inst|sub|110|clk                ;
; 0.075  ; 0.075        ; 0.000          ; Low Pulse Width  ; Clock ; Rise       ; inst1|inst|sub|87|clk                 ;
; 0.075  ; 0.075        ; 0.000          ; Low Pulse Width  ; Clock ; Rise       ; inst1|inst|sub|99|clk                 ;
; 0.075  ; 0.075        ; 0.000          ; Low Pulse Width  ; Clock ; Rise       ; inst1|inst|sub|9|clk                  ;
; 0.123  ; 0.123        ; 0.000          ; Low Pulse Width  ; Clock ; Rise       ; Clock~input|o                         ;
; 0.500  ; 0.500        ; 0.000          ; High Pulse Width ; Clock ; Rise       ; Clock~input|i                         ;
; 0.500  ; 0.500        ; 0.000          ; Low Pulse Width  ; Clock ; Rise       ; Clock~input|i                         ;
; 0.703  ; 0.919        ; 0.216          ; High Pulse Width ; Clock ; Rise       ; mod10:inst1|74161:inst|f74161:sub|110 ;
; 0.703  ; 0.919        ; 0.216          ; High Pulse Width ; Clock ; Rise       ; mod10:inst1|74161:inst|f74161:sub|87  ;
; 0.703  ; 0.919        ; 0.216          ; High Pulse Width ; Clock ; Rise       ; mod10:inst1|74161:inst|f74161:sub|9   ;
; 0.703  ; 0.919        ; 0.216          ; High Pulse Width ; Clock ; Rise       ; mod10:inst1|74161:inst|f74161:sub|99  ;
; 0.877  ; 0.877        ; 0.000          ; High Pulse Width ; Clock ; Rise       ; Clock~input|o                         ;
; 0.925  ; 0.925        ; 0.000          ; High Pulse Width ; Clock ; Rise       ; inst1|inst|sub|110|clk                ;
; 0.925  ; 0.925        ; 0.000          ; High Pulse Width ; Clock ; Rise       ; inst1|inst|sub|87|clk                 ;
; 0.925  ; 0.925        ; 0.000          ; High Pulse Width ; Clock ; Rise       ; inst1|inst|sub|99|clk                 ;
; 0.925  ; 0.925        ; 0.000          ; High Pulse Width ; Clock ; Rise       ; inst1|inst|sub|9|clk                  ;
+--------+--------------+----------------+------------------+-------+------------+---------------------------------------+


+--------------------------------------------------------------------------------------------------------------------------------------------------------+
; Fast 1200mV 0C Model Minimum Pulse Width: 'mod10:inst1|74161:inst|f74161:sub|110'                                                                      ;
+--------+--------------+----------------+------------------+---------------------------------------+------------+---------------------------------------+
; Slack  ; Actual Width ; Required Width ; Type             ; Clock                                 ; Clock Edge ; Target                                ;
+--------+--------------+----------------+------------------+---------------------------------------+------------+---------------------------------------+
; -1.000 ; 1.000        ; 2.000          ; Min Period       ; mod10:inst1|74161:inst|f74161:sub|110 ; Fall       ; Switch:inst|74161:inst10|f74161:sub|9 ;
; -1.000 ; 1.000        ; 2.000          ; Min Period       ; mod10:inst1|74161:inst|f74161:sub|110 ; Fall       ; mod6:inst3|74161:inst|f74161:sub|87   ;
; -1.000 ; 1.000        ; 2.000          ; Min Period       ; mod10:inst1|74161:inst|f74161:sub|110 ; Fall       ; mod6:inst3|74161:inst|f74161:sub|9    ;
; -1.000 ; 1.000        ; 2.000          ; Min Period       ; mod10:inst1|74161:inst|f74161:sub|110 ; Fall       ; mod6:inst3|74161:inst|f74161:sub|99   ;
; 0.255  ; 0.471        ; 0.216          ; High Pulse Width ; mod10:inst1|74161:inst|f74161:sub|110 ; Fall       ; mod6:inst3|74161:inst|f74161:sub|87   ;
; 0.255  ; 0.471        ; 0.216          ; High Pulse Width ; mod10:inst1|74161:inst|f74161:sub|110 ; Fall       ; mod6:inst3|74161:inst|f74161:sub|9    ;
; 0.255  ; 0.471        ; 0.216          ; High Pulse Width ; mod10:inst1|74161:inst|f74161:sub|110 ; Fall       ; mod6:inst3|74161:inst|f74161:sub|99   ;
; 0.298  ; 0.514        ; 0.216          ; High Pulse Width ; mod10:inst1|74161:inst|f74161:sub|110 ; Fall       ; Switch:inst|74161:inst10|f74161:sub|9 ;
; 0.301  ; 0.485        ; 0.184          ; Low Pulse Width  ; mod10:inst1|74161:inst|f74161:sub|110 ; Fall       ; Switch:inst|74161:inst10|f74161:sub|9 ;
; 0.344  ; 0.528        ; 0.184          ; Low Pulse Width  ; mod10:inst1|74161:inst|f74161:sub|110 ; Fall       ; mod6:inst3|74161:inst|f74161:sub|87   ;
; 0.344  ; 0.528        ; 0.184          ; Low Pulse Width  ; mod10:inst1|74161:inst|f74161:sub|110 ; Fall       ; mod6:inst3|74161:inst|f74161:sub|9    ;
; 0.344  ; 0.528        ; 0.184          ; Low Pulse Width  ; mod10:inst1|74161:inst|f74161:sub|110 ; Fall       ; mod6:inst3|74161:inst|f74161:sub|99   ;
; 0.453  ; 0.453        ; 0.000          ; Low Pulse Width  ; mod10:inst1|74161:inst|f74161:sub|110 ; Rise       ; inst18|datac                          ;
; 0.457  ; 0.457        ; 0.000          ; Low Pulse Width  ; mod10:inst1|74161:inst|f74161:sub|110 ; Rise       ; inst1|inst1|datac                     ;
; 0.459  ; 0.459        ; 0.000          ; High Pulse Width ; mod10:inst1|74161:inst|f74161:sub|110 ; Fall       ; inst18|combout                        ;
; 0.463  ; 0.463        ; 0.000          ; High Pulse Width ; mod10:inst1|74161:inst|f74161:sub|110 ; Fall       ; inst1|inst1|combout                   ;
; 0.476  ; 0.476        ; 0.000          ; High Pulse Width ; mod10:inst1|74161:inst|f74161:sub|110 ; Fall       ; inst3|inst|sub|87|clk                 ;
; 0.476  ; 0.476        ; 0.000          ; High Pulse Width ; mod10:inst1|74161:inst|f74161:sub|110 ; Fall       ; inst3|inst|sub|99|clk                 ;
; 0.476  ; 0.476        ; 0.000          ; High Pulse Width ; mod10:inst1|74161:inst|f74161:sub|110 ; Fall       ; inst3|inst|sub|9|clk                  ;
; 0.480  ; 0.480        ; 0.000          ; Low Pulse Width  ; mod10:inst1|74161:inst|f74161:sub|110 ; Fall       ; inst|inst10|sub|9|clk                 ;
; 0.500  ; 0.500        ; 0.000          ; High Pulse Width ; mod10:inst1|74161:inst|f74161:sub|110 ; Rise       ; inst1|inst|sub|110|q                  ;
; 0.500  ; 0.500        ; 0.000          ; Low Pulse Width  ; mod10:inst1|74161:inst|f74161:sub|110 ; Rise       ; inst1|inst|sub|110|q                  ;
; 0.519  ; 0.519        ; 0.000          ; High Pulse Width ; mod10:inst1|74161:inst|f74161:sub|110 ; Fall       ; inst|inst10|sub|9|clk                 ;
; 0.523  ; 0.523        ; 0.000          ; Low Pulse Width  ; mod10:inst1|74161:inst|f74161:sub|110 ; Fall       ; inst3|inst|sub|87|clk                 ;
; 0.523  ; 0.523        ; 0.000          ; Low Pulse Width  ; mod10:inst1|74161:inst|f74161:sub|110 ; Fall       ; inst3|inst|sub|99|clk                 ;
; 0.523  ; 0.523        ; 0.000          ; Low Pulse Width  ; mod10:inst1|74161:inst|f74161:sub|110 ; Fall       ; inst3|inst|sub|9|clk                  ;
; 0.536  ; 0.536        ; 0.000          ; Low Pulse Width  ; mod10:inst1|74161:inst|f74161:sub|110 ; Fall       ; inst1|inst1|combout                   ;
; 0.538  ; 0.538        ; 0.000          ; Low Pulse Width  ; mod10:inst1|74161:inst|f74161:sub|110 ; Fall       ; inst18|combout                        ;
; 0.542  ; 0.542        ; 0.000          ; High Pulse Width ; mod10:inst1|74161:inst|f74161:sub|110 ; Rise       ; inst1|inst1|datac                     ;
; 0.544  ; 0.544        ; 0.000          ; High Pulse Width ; mod10:inst1|74161:inst|f74161:sub|110 ; Rise       ; inst18|datac                          ;
+--------+--------------+----------------+------------------+---------------------------------------+------------+---------------------------------------+


+------------------------------------------------------------------------------------------------------------------------+
; Clock to Output Times                                                                                                  ;
+-----------+---------------------------------------+-------+-------+------------+---------------------------------------+
; Data Port ; Clock Port                            ; Rise  ; Fall  ; Clock Edge ; Clock Reference                       ;
+-----------+---------------------------------------+-------+-------+------------+---------------------------------------+
; D0        ; Clock                                 ; 4.156 ; 3.966 ; Rise       ; Clock                                 ;
; D1        ; Clock                                 ; 3.632 ; 3.804 ; Rise       ; Clock                                 ;
; D2        ; Clock                                 ; 4.156 ; 4.277 ; Rise       ; Clock                                 ;
; D3        ; Clock                                 ; 4.263 ; 4.128 ; Rise       ; Clock                                 ;
; E0        ; Clock                                 ; 3.231 ; 3.145 ; Rise       ; Clock                                 ;
; E1        ; Clock                                 ; 3.109 ; 3.171 ; Rise       ; Clock                                 ;
; E2        ; Clock                                 ; 3.884 ; 3.959 ; Rise       ; Clock                                 ;
; E3        ; Clock                                 ; 3.689 ; 3.642 ; Rise       ; Clock                                 ;
; D3        ; mod10:inst1|74161:inst|f74161:sub|110 ; 2.929 ; 2.776 ; Rise       ; mod10:inst1|74161:inst|f74161:sub|110 ;
; E3        ; mod10:inst1|74161:inst|f74161:sub|110 ; 2.355 ; 2.290 ; Rise       ; mod10:inst1|74161:inst|f74161:sub|110 ;
; D3        ; mod10:inst1|74161:inst|f74161:sub|110 ; 2.981 ; 2.841 ; Fall       ; mod10:inst1|74161:inst|f74161:sub|110 ;
; D4        ; mod10:inst1|74161:inst|f74161:sub|110 ; 3.105 ; 2.996 ; Fall       ; mod10:inst1|74161:inst|f74161:sub|110 ;
; D5        ; mod10:inst1|74161:inst|f74161:sub|110 ; 3.478 ; 3.645 ; Fall       ; mod10:inst1|74161:inst|f74161:sub|110 ;
; D6        ; mod10:inst1|74161:inst|f74161:sub|110 ; 3.904 ; 3.787 ; Fall       ; mod10:inst1|74161:inst|f74161:sub|110 ;
; D7        ; mod10:inst1|74161:inst|f74161:sub|110 ; 4.761 ; 4.638 ; Fall       ; mod10:inst1|74161:inst|f74161:sub|110 ;
; DG        ; mod10:inst1|74161:inst|f74161:sub|110 ; 3.443 ; 3.314 ; Fall       ; mod10:inst1|74161:inst|f74161:sub|110 ;
; DR        ; mod10:inst1|74161:inst|f74161:sub|110 ; 3.236 ; 3.343 ; Fall       ; mod10:inst1|74161:inst|f74161:sub|110 ;
; E3        ; mod10:inst1|74161:inst|f74161:sub|110 ; 2.407 ; 2.355 ; Fall       ; mod10:inst1|74161:inst|f74161:sub|110 ;
; E4        ; mod10:inst1|74161:inst|f74161:sub|110 ; 2.848 ; 2.774 ; Fall       ; mod10:inst1|74161:inst|f74161:sub|110 ;
; E5        ; mod10:inst1|74161:inst|f74161:sub|110 ; 2.941 ; 3.034 ; Fall       ; mod10:inst1|74161:inst|f74161:sub|110 ;
; E6        ; mod10:inst1|74161:inst|f74161:sub|110 ; 3.441 ; 3.373 ; Fall       ; mod10:inst1|74161:inst|f74161:sub|110 ;
; E7        ; mod10:inst1|74161:inst|f74161:sub|110 ; 3.423 ; 3.397 ; Fall       ; mod10:inst1|74161:inst|f74161:sub|110 ;
; EG        ; mod10:inst1|74161:inst|f74161:sub|110 ; 3.093 ; 3.181 ; Fall       ; mod10:inst1|74161:inst|f74161:sub|110 ;
; ER        ; mod10:inst1|74161:inst|f74161:sub|110 ; 3.192 ; 3.105 ; Fall       ; mod10:inst1|74161:inst|f74161:sub|110 ;
+-----------+---------------------------------------+-------+-------+------------+---------------------------------------+


+------------------------------------------------------------------------------------------------------------------------+
; Minimum Clock to Output Times                                                                                          ;
+-----------+---------------------------------------+-------+-------+------------+---------------------------------------+
; Data Port ; Clock Port                            ; Rise  ; Fall  ; Clock Edge ; Clock Reference                       ;
+-----------+---------------------------------------+-------+-------+------------+---------------------------------------+
; D0        ; Clock                                 ; 4.012 ; 3.828 ; Rise       ; Clock                                 ;
; D1        ; Clock                                 ; 3.508 ; 3.673 ; Rise       ; Clock                                 ;
; D2        ; Clock                                 ; 3.874 ; 3.983 ; Rise       ; Clock                                 ;
; D3        ; Clock                                 ; 3.916 ; 3.783 ; Rise       ; Clock                                 ;
; E0        ; Clock                                 ; 3.128 ; 3.044 ; Rise       ; Clock                                 ;
; E1        ; Clock                                 ; 3.007 ; 3.068 ; Rise       ; Clock                                 ;
; E2        ; Clock                                 ; 3.614 ; 3.678 ; Rise       ; Clock                                 ;
; E3        ; Clock                                 ; 3.365 ; 3.316 ; Rise       ; Clock                                 ;
; D3        ; mod10:inst1|74161:inst|f74161:sub|110 ; 2.794 ; 2.677 ; Rise       ; mod10:inst1|74161:inst|f74161:sub|110 ;
; E3        ; mod10:inst1|74161:inst|f74161:sub|110 ; 2.243 ; 2.210 ; Rise       ; mod10:inst1|74161:inst|f74161:sub|110 ;
; D3        ; mod10:inst1|74161:inst|f74161:sub|110 ; 2.866 ; 2.703 ; Fall       ; mod10:inst1|74161:inst|f74161:sub|110 ;
; D4        ; mod10:inst1|74161:inst|f74161:sub|110 ; 2.992 ; 2.886 ; Fall       ; mod10:inst1|74161:inst|f74161:sub|110 ;
; D5        ; mod10:inst1|74161:inst|f74161:sub|110 ; 3.350 ; 3.510 ; Fall       ; mod10:inst1|74161:inst|f74161:sub|110 ;
; D6        ; mod10:inst1|74161:inst|f74161:sub|110 ; 3.608 ; 3.500 ; Fall       ; mod10:inst1|74161:inst|f74161:sub|110 ;
; D7        ; mod10:inst1|74161:inst|f74161:sub|110 ; 4.532 ; 4.399 ; Fall       ; mod10:inst1|74161:inst|f74161:sub|110 ;
; DG        ; mod10:inst1|74161:inst|f74161:sub|110 ; 3.316 ; 3.192 ; Fall       ; mod10:inst1|74161:inst|f74161:sub|110 ;
; DR        ; mod10:inst1|74161:inst|f74161:sub|110 ; 3.117 ; 3.220 ; Fall       ; mod10:inst1|74161:inst|f74161:sub|110 ;
; E3        ; mod10:inst1|74161:inst|f74161:sub|110 ; 2.315 ; 2.236 ; Fall       ; mod10:inst1|74161:inst|f74161:sub|110 ;
; E4        ; mod10:inst1|74161:inst|f74161:sub|110 ; 2.745 ; 2.674 ; Fall       ; mod10:inst1|74161:inst|f74161:sub|110 ;
; E5        ; mod10:inst1|74161:inst|f74161:sub|110 ; 2.834 ; 2.923 ; Fall       ; mod10:inst1|74161:inst|f74161:sub|110 ;
; E6        ; mod10:inst1|74161:inst|f74161:sub|110 ; 3.164 ; 3.103 ; Fall       ; mod10:inst1|74161:inst|f74161:sub|110 ;
; E7        ; mod10:inst1|74161:inst|f74161:sub|110 ; 3.208 ; 3.171 ; Fall       ; mod10:inst1|74161:inst|f74161:sub|110 ;
; EG        ; mod10:inst1|74161:inst|f74161:sub|110 ; 2.980 ; 3.065 ; Fall       ; mod10:inst1|74161:inst|f74161:sub|110 ;
; ER        ; mod10:inst1|74161:inst|f74161:sub|110 ; 3.075 ; 2.991 ; Fall       ; mod10:inst1|74161:inst|f74161:sub|110 ;
+-----------+---------------------------------------+-------+-------+------------+---------------------------------------+


---------------------------------------------
; Fast 1200mV 0C Model Metastability Report ;
---------------------------------------------
No synchronizer chains to report.


+-----------------------------------------------------------------------------------------------------+
; Multicorner Timing Analysis Summary                                                                 ;
+----------------------------------------+--------+--------+----------+---------+---------------------+
; Clock                                  ; Setup  ; Hold   ; Recovery ; Removal ; Minimum Pulse Width ;
+----------------------------------------+--------+--------+----------+---------+---------------------+
; Worst-case Slack                       ; -1.491 ; -1.509 ; N/A      ; N/A     ; -3.000              ;
;  Clock                                 ; -1.491 ; -1.509 ; N/A      ; N/A     ; -3.000              ;
;  mod10:inst1|74161:inst|f74161:sub|110 ; -0.347 ; 0.181  ; N/A      ; N/A     ; -1.487              ;
; Design-wide TNS                        ; -5.013 ; -5.622 ; 0.0      ; 0.0     ; -14.896             ;
;  Clock                                 ; -4.421 ; -5.622 ; N/A      ; N/A     ; -8.948              ;
;  mod10:inst1|74161:inst|f74161:sub|110 ; -0.592 ; 0.000  ; N/A      ; N/A     ; -5.948              ;
+----------------------------------------+--------+--------+----------+---------+---------------------+


+------------------------------------------------------------------------------------------------------------------------+
; Clock to Output Times                                                                                                  ;
+-----------+---------------------------------------+-------+-------+------------+---------------------------------------+
; Data Port ; Clock Port                            ; Rise  ; Fall  ; Clock Edge ; Clock Reference                       ;
+-----------+---------------------------------------+-------+-------+------------+---------------------------------------+
; D0        ; Clock                                 ; 8.599 ; 8.714 ; Rise       ; Clock                                 ;
; D1        ; Clock                                 ; 7.957 ; 7.910 ; Rise       ; Clock                                 ;
; D2        ; Clock                                 ; 9.373 ; 9.021 ; Rise       ; Clock                                 ;
; D3        ; Clock                                 ; 9.000 ; 9.240 ; Rise       ; Clock                                 ;
; E0        ; Clock                                 ; 6.848 ; 6.885 ; Rise       ; Clock                                 ;
; E1        ; Clock                                 ; 6.803 ; 6.770 ; Rise       ; Clock                                 ;
; E2        ; Clock                                 ; 8.638 ; 8.393 ; Rise       ; Clock                                 ;
; E3        ; Clock                                 ; 7.879 ; 8.065 ; Rise       ; Clock                                 ;
; D3        ; mod10:inst1|74161:inst|f74161:sub|110 ; 5.856 ; 6.059 ; Rise       ; mod10:inst1|74161:inst|f74161:sub|110 ;
; E3        ; mod10:inst1|74161:inst|f74161:sub|110 ; 4.735 ; 4.884 ; Rise       ; mod10:inst1|74161:inst|f74161:sub|110 ;
; D3        ; mod10:inst1|74161:inst|f74161:sub|110 ; 5.928 ; 6.146 ; Fall       ; mod10:inst1|74161:inst|f74161:sub|110 ;
; D4        ; mod10:inst1|74161:inst|f74161:sub|110 ; 6.402 ; 6.485 ; Fall       ; mod10:inst1|74161:inst|f74161:sub|110 ;
; D5        ; mod10:inst1|74161:inst|f74161:sub|110 ; 7.672 ; 7.388 ; Fall       ; mod10:inst1|74161:inst|f74161:sub|110 ;
; D6        ; mod10:inst1|74161:inst|f74161:sub|110 ; 8.097 ; 8.352 ; Fall       ; mod10:inst1|74161:inst|f74161:sub|110 ;
; D7        ; mod10:inst1|74161:inst|f74161:sub|110 ; 9.464 ; 9.595 ; Fall       ; mod10:inst1|74161:inst|f74161:sub|110 ;
; DG        ; mod10:inst1|74161:inst|f74161:sub|110 ; 7.212 ; 7.271 ; Fall       ; mod10:inst1|74161:inst|f74161:sub|110 ;
; DR        ; mod10:inst1|74161:inst|f74161:sub|110 ; 7.127 ; 7.008 ; Fall       ; mod10:inst1|74161:inst|f74161:sub|110 ;
; E3        ; mod10:inst1|74161:inst|f74161:sub|110 ; 4.807 ; 4.971 ; Fall       ; mod10:inst1|74161:inst|f74161:sub|110 ;
; E4        ; mod10:inst1|74161:inst|f74161:sub|110 ; 5.900 ; 6.021 ; Fall       ; mod10:inst1|74161:inst|f74161:sub|110 ;
; E5        ; mod10:inst1|74161:inst|f74161:sub|110 ; 6.388 ; 6.234 ; Fall       ; mod10:inst1|74161:inst|f74161:sub|110 ;
; E6        ; mod10:inst1|74161:inst|f74161:sub|110 ; 7.175 ; 7.367 ; Fall       ; mod10:inst1|74161:inst|f74161:sub|110 ;
; E7        ; mod10:inst1|74161:inst|f74161:sub|110 ; 7.217 ; 7.413 ; Fall       ; mod10:inst1|74161:inst|f74161:sub|110 ;
; EG        ; mod10:inst1|74161:inst|f74161:sub|110 ; 6.805 ; 6.708 ; Fall       ; mod10:inst1|74161:inst|f74161:sub|110 ;
; ER        ; mod10:inst1|74161:inst|f74161:sub|110 ; 6.725 ; 6.811 ; Fall       ; mod10:inst1|74161:inst|f74161:sub|110 ;
+-----------+---------------------------------------+-------+-------+------------+---------------------------------------+


+------------------------------------------------------------------------------------------------------------------------+
; Minimum Clock to Output Times                                                                                          ;
+-----------+---------------------------------------+-------+-------+------------+---------------------------------------+
; Data Port ; Clock Port                            ; Rise  ; Fall  ; Clock Edge ; Clock Reference                       ;
+-----------+---------------------------------------+-------+-------+------------+---------------------------------------+
; D0        ; Clock                                 ; 4.012 ; 3.828 ; Rise       ; Clock                                 ;
; D1        ; Clock                                 ; 3.508 ; 3.673 ; Rise       ; Clock                                 ;
; D2        ; Clock                                 ; 3.874 ; 3.983 ; Rise       ; Clock                                 ;
; D3        ; Clock                                 ; 3.916 ; 3.783 ; Rise       ; Clock                                 ;
; E0        ; Clock                                 ; 3.128 ; 3.044 ; Rise       ; Clock                                 ;
; E1        ; Clock                                 ; 3.007 ; 3.068 ; Rise       ; Clock                                 ;
; E2        ; Clock                                 ; 3.614 ; 3.678 ; Rise       ; Clock                                 ;
; E3        ; Clock                                 ; 3.365 ; 3.316 ; Rise       ; Clock                                 ;
; D3        ; mod10:inst1|74161:inst|f74161:sub|110 ; 2.794 ; 2.677 ; Rise       ; mod10:inst1|74161:inst|f74161:sub|110 ;
; E3        ; mod10:inst1|74161:inst|f74161:sub|110 ; 2.243 ; 2.210 ; Rise       ; mod10:inst1|74161:inst|f74161:sub|110 ;
; D3        ; mod10:inst1|74161:inst|f74161:sub|110 ; 2.866 ; 2.703 ; Fall       ; mod10:inst1|74161:inst|f74161:sub|110 ;
; D4        ; mod10:inst1|74161:inst|f74161:sub|110 ; 2.992 ; 2.886 ; Fall       ; mod10:inst1|74161:inst|f74161:sub|110 ;
; D5        ; mod10:inst1|74161:inst|f74161:sub|110 ; 3.350 ; 3.510 ; Fall       ; mod10:inst1|74161:inst|f74161:sub|110 ;
; D6        ; mod10:inst1|74161:inst|f74161:sub|110 ; 3.608 ; 3.500 ; Fall       ; mod10:inst1|74161:inst|f74161:sub|110 ;
; D7        ; mod10:inst1|74161:inst|f74161:sub|110 ; 4.532 ; 4.399 ; Fall       ; mod10:inst1|74161:inst|f74161:sub|110 ;
; DG        ; mod10:inst1|74161:inst|f74161:sub|110 ; 3.316 ; 3.192 ; Fall       ; mod10:inst1|74161:inst|f74161:sub|110 ;
; DR        ; mod10:inst1|74161:inst|f74161:sub|110 ; 3.117 ; 3.220 ; Fall       ; mod10:inst1|74161:inst|f74161:sub|110 ;
; E3        ; mod10:inst1|74161:inst|f74161:sub|110 ; 2.315 ; 2.236 ; Fall       ; mod10:inst1|74161:inst|f74161:sub|110 ;
; E4        ; mod10:inst1|74161:inst|f74161:sub|110 ; 2.745 ; 2.674 ; Fall       ; mod10:inst1|74161:inst|f74161:sub|110 ;
; E5        ; mod10:inst1|74161:inst|f74161:sub|110 ; 2.834 ; 2.923 ; Fall       ; mod10:inst1|74161:inst|f74161:sub|110 ;
; E6        ; mod10:inst1|74161:inst|f74161:sub|110 ; 3.164 ; 3.103 ; Fall       ; mod10:inst1|74161:inst|f74161:sub|110 ;
; E7        ; mod10:inst1|74161:inst|f74161:sub|110 ; 3.208 ; 3.171 ; Fall       ; mod10:inst1|74161:inst|f74161:sub|110 ;
; EG        ; mod10:inst1|74161:inst|f74161:sub|110 ; 2.980 ; 3.065 ; Fall       ; mod10:inst1|74161:inst|f74161:sub|110 ;
; ER        ; mod10:inst1|74161:inst|f74161:sub|110 ; 3.075 ; 2.991 ; Fall       ; mod10:inst1|74161:inst|f74161:sub|110 ;
+-----------+---------------------------------------+-------+-------+------------+---------------------------------------+


+------------------------------------------------------------------------------------------------------------------------------------------------------------------------------------------------------------------------------------------------------------------------------------------------------------------------------------------------------------------+
; Board Trace Model Assignments                                                                                                                                                                                                                                                                                                                                    ;
+---------------+--------------+-------------------+-------------------------+-------------------------+---------------+---------------------+----------------+------------------+--------+------------------+------------------------+------------------------+--------------+---------------+-----------------+-------+---------------------+--------------------+
; Pin           ; I/O Standard ; Near Tline Length ; Near Tline L per Length ; Near Tline C per Length ; Near Series R ; Near Differential R ; Near Pull-up R ; Near Pull-down R ; Near C ; Far Tline Length ; Far Tline L per Length ; Far Tline C per Length ; Far Series R ; Far Pull-up R ; Far Pull-down R ; Far C ; Termination Voltage ; Far Differential R ;
+---------------+--------------+-------------------+-------------------------+-------------------------+---------------+---------------------+----------------+------------------+--------+------------------+------------------------+------------------------+--------------+---------------+-----------------+-------+---------------------+--------------------+
; D0            ; 2.5 V        ; 0 in              ; 0 H/in                  ; 0 F/in                  ; short         ; -                   ; open           ; open             ; open   ; 0 in             ; 0 H/in                 ; 0 F/in                 ; short        ; open          ; open            ; open  ; 0 V                 ; -                  ;
; D1            ; 2.5 V        ; 0 in              ; 0 H/in                  ; 0 F/in                  ; short         ; -                   ; open           ; open             ; open   ; 0 in             ; 0 H/in                 ; 0 F/in                 ; short        ; open          ; open            ; open  ; 0 V                 ; -                  ;
; D2            ; 2.5 V        ; 0 in              ; 0 H/in                  ; 0 F/in                  ; short         ; -                   ; open           ; open             ; open   ; 0 in             ; 0 H/in                 ; 0 F/in                 ; short        ; open          ; open            ; open  ; 0 V                 ; -                  ;
; D3            ; 2.5 V        ; 0 in              ; 0 H/in                  ; 0 F/in                  ; short         ; -                   ; open           ; open             ; open   ; 0 in             ; 0 H/in                 ; 0 F/in                 ; short        ; open          ; open            ; open  ; 0 V                 ; -                  ;
; D4            ; 2.5 V        ; 0 in              ; 0 H/in                  ; 0 F/in                  ; short         ; -                   ; open           ; open             ; open   ; 0 in             ; 0 H/in                 ; 0 F/in                 ; short        ; open          ; open            ; open  ; 0 V                 ; -                  ;
; D5            ; 2.5 V        ; 0 in              ; 0 H/in                  ; 0 F/in                  ; short         ; -                   ; open           ; open             ; open   ; 0 in             ; 0 H/in                 ; 0 F/in                 ; short        ; open          ; open            ; open  ; 0 V                 ; -                  ;
; D6            ; 2.5 V        ; 0 in              ; 0 H/in                  ; 0 F/in                  ; short         ; -                   ; open           ; open             ; open   ; 0 in             ; 0 H/in                 ; 0 F/in                 ; short        ; open          ; open            ; open  ; 0 V                 ; -                  ;
; D7            ; 2.5 V        ; 0 in              ; 0 H/in                  ; 0 F/in                  ; short         ; -                   ; open           ; open             ; open   ; 0 in             ; 0 H/in                 ; 0 F/in                 ; short        ; open          ; open            ; open  ; 0 V                 ; -                  ;
; E0            ; 2.5 V        ; 0 in              ; 0 H/in                  ; 0 F/in                  ; short         ; -                   ; open           ; open             ; open   ; 0 in             ; 0 H/in                 ; 0 F/in                 ; short        ; open          ; open            ; open  ; 0 V                 ; -                  ;
; E1            ; 2.5 V        ; 0 in              ; 0 H/in                  ; 0 F/in                  ; short         ; -                   ; open           ; open             ; open   ; 0 in             ; 0 H/in                 ; 0 F/in                 ; short        ; open          ; open            ; open  ; 0 V                 ; -                  ;
; E2            ; 2.5 V        ; 0 in              ; 0 H/in                  ; 0 F/in                  ; short         ; -                   ; open           ; open             ; open   ; 0 in             ; 0 H/in                 ; 0 F/in                 ; short        ; open          ; open            ; open  ; 0 V                 ; -                  ;
; E3            ; 2.5 V        ; 0 in              ; 0 H/in                  ; 0 F/in                  ; short         ; -                   ; open           ; open             ; open   ; 0 in             ; 0 H/in                 ; 0 F/in                 ; short        ; open          ; open            ; open  ; 0 V                 ; -                  ;
; E4            ; 2.5 V        ; 0 in              ; 0 H/in                  ; 0 F/in                  ; short         ; -                   ; open           ; open             ; open   ; 0 in             ; 0 H/in                 ; 0 F/in                 ; short        ; open          ; open            ; open  ; 0 V                 ; -                  ;
; E5            ; 2.5 V        ; 0 in              ; 0 H/in                  ; 0 F/in                  ; short         ; -                   ; open           ; open             ; open   ; 0 in             ; 0 H/in                 ; 0 F/in                 ; short        ; open          ; open            ; open  ; 0 V                 ; -                  ;
; E6            ; 2.5 V        ; 0 in              ; 0 H/in                  ; 0 F/in                  ; short         ; -                   ; open           ; open             ; open   ; 0 in             ; 0 H/in                 ; 0 F/in                 ; short        ; open          ; open            ; open  ; 0 V                 ; -                  ;
; E7            ; 2.5 V        ; 0 in              ; 0 H/in                  ; 0 F/in                  ; short         ; -                   ; open           ; open             ; open   ; 0 in             ; 0 H/in                 ; 0 F/in                 ; short        ; open          ; open            ; open  ; 0 V                 ; -                  ;
; DR            ; 2.5 V        ; 0 in              ; 0 H/in                  ; 0 F/in                  ; short         ; -                   ; open           ; open             ; open   ; 0 in             ; 0 H/in                 ; 0 F/in                 ; short        ; open          ; open            ; open  ; 0 V                 ; -                  ;
; DG            ; 2.5 V        ; 0 in              ; 0 H/in                  ; 0 F/in                  ; short         ; -                   ; open           ; open             ; open   ; 0 in             ; 0 H/in                 ; 0 F/in                 ; short        ; open          ; open            ; open  ; 0 V                 ; -                  ;
; ER            ; 2.5 V        ; 0 in              ; 0 H/in                  ; 0 F/in                  ; short         ; -                   ; open           ; open             ; open   ; 0 in             ; 0 H/in                 ; 0 F/in                 ; short        ; open          ; open            ; open  ; 0 V                 ; -                  ;
; EG            ; 2.5 V        ; 0 in              ; 0 H/in                  ; 0 F/in                  ; short         ; -                   ; open           ; open             ; open   ; 0 in             ; 0 H/in                 ; 0 F/in                 ; short        ; open          ; open            ; open  ; 0 V                 ; -                  ;
; ~ALTERA_DCLK~ ; 2.5 V        ; 0 in              ; 0 H/in                  ; 0 F/in                  ; short         ; -                   ; open           ; open             ; open   ; 0 in             ; 0 H/in                 ; 0 F/in                 ; short        ; open          ; open            ; open  ; 0 V                 ; -                  ;
; ~ALTERA_nCEO~ ; 2.5 V        ; 0 in              ; 0 H/in                  ; 0 F/in                  ; short         ; -                   ; open           ; open             ; open   ; 0 in             ; 0 H/in                 ; 0 F/in                 ; short        ; open          ; open            ; open  ; 0 V                 ; -                  ;
+---------------+--------------+-------------------+-------------------------+-------------------------+---------------+---------------------+----------------+------------------+--------+------------------+------------------------+------------------------+--------------+---------------+-----------------+-------+---------------------+--------------------+


+----------------------------------------------------------------------------+
; Input Transition Times                                                     ;
+-------------------------+--------------+-----------------+-----------------+
; Pin                     ; I/O Standard ; 10-90 Rise Time ; 90-10 Fall Time ;
+-------------------------+--------------+-----------------+-----------------+
; Clock                   ; 2.5 V        ; 2000 ps         ; 2000 ps         ;
; ~ALTERA_ASDO_DATA1~     ; 2.5 V        ; 2000 ps         ; 2000 ps         ;
; ~ALTERA_FLASH_nCE_nCSO~ ; 2.5 V        ; 2000 ps         ; 2000 ps         ;
; ~ALTERA_DATA0~          ; 2.5 V        ; 2000 ps         ; 2000 ps         ;
+-------------------------+--------------+-----------------+-----------------+


+--------------------------------------------------------------------------------------------------------------------------------------------------------------------------------------------------------------------------------------------------------------------------------------------------------------------------------------------------------------------------------------------------------------------------------------------------------------------------------------------------------------------------------------------------------------------------------------------------------------------------------------------------------------------------------------------+
; Slow Corner Signal Integrity Metrics                                                                                                                                                                                                                                                                                                                                                                                                                                                                                                                                                                                                                                                       ;
+---------------+--------------+---------------------+---------------------+------------------------------+------------------------------+---------------------+---------------------+--------------------------------------+--------------------------------------+-----------------------------+-----------------------------+----------------------------+----------------------------+-----------------------------+-----------------------------+--------------------+--------------------+-------------------------------------+-------------------------------------+----------------------------+----------------------------+---------------------------+---------------------------+
; Pin           ; I/O Standard ; Board Delay on Rise ; Board Delay on Fall ; Steady State Voh at FPGA Pin ; Steady State Vol at FPGA Pin ; Voh Max at FPGA Pin ; Vol Min at FPGA Pin ; Ringback Voltage on Rise at FPGA Pin ; Ringback Voltage on Fall at FPGA Pin ; 10-90 Rise Time at FPGA Pin ; 90-10 Fall Time at FPGA Pin ; Monotonic Rise at FPGA Pin ; Monotonic Fall at FPGA Pin ; Steady State Voh at Far-end ; Steady State Vol at Far-end ; Voh Max at Far-end ; Vol Min at Far-end ; Ringback Voltage on Rise at Far-end ; Ringback Voltage on Fall at Far-end ; 10-90 Rise Time at Far-end ; 90-10 Fall Time at Far-end ; Monotonic Rise at Far-end ; Monotonic Fall at Far-end ;
+---------------+--------------+---------------------+---------------------+------------------------------+------------------------------+---------------------+---------------------+--------------------------------------+--------------------------------------+-----------------------------+-----------------------------+----------------------------+----------------------------+-----------------------------+-----------------------------+--------------------+--------------------+-------------------------------------+-------------------------------------+----------------------------+----------------------------+---------------------------+---------------------------+
; D0            ; 2.5 V        ; 0 s                 ; 0 s                 ; 2.32 V                       ; 2.84e-007 V                  ; 2.35 V              ; -0.0105 V           ; 0.143 V                              ; 0.041 V                              ; 4.81e-010 s                 ; 4.81e-010 s                 ; Yes                        ; Yes                        ; 2.32 V                      ; 2.84e-007 V                 ; 2.35 V             ; -0.0105 V          ; 0.143 V                             ; 0.041 V                             ; 4.81e-010 s                ; 4.81e-010 s                ; Yes                       ; Yes                       ;
; D1            ; 2.5 V        ; 0 s                 ; 0 s                 ; 2.32 V                       ; 2.84e-007 V                  ; 2.35 V              ; -0.0105 V           ; 0.143 V                              ; 0.041 V                              ; 4.81e-010 s                 ; 4.81e-010 s                 ; Yes                        ; Yes                        ; 2.32 V                      ; 2.84e-007 V                 ; 2.35 V             ; -0.0105 V          ; 0.143 V                             ; 0.041 V                             ; 4.81e-010 s                ; 4.81e-010 s                ; Yes                       ; Yes                       ;
; D2            ; 2.5 V        ; 0 s                 ; 0 s                 ; 2.32 V                       ; 2.84e-007 V                  ; 2.35 V              ; -0.0105 V           ; 0.143 V                              ; 0.041 V                              ; 4.81e-010 s                 ; 4.81e-010 s                 ; Yes                        ; Yes                        ; 2.32 V                      ; 2.84e-007 V                 ; 2.35 V             ; -0.0105 V          ; 0.143 V                             ; 0.041 V                             ; 4.81e-010 s                ; 4.81e-010 s                ; Yes                       ; Yes                       ;
; D3            ; 2.5 V        ; 0 s                 ; 0 s                 ; 2.32 V                       ; 2.84e-007 V                  ; 2.35 V              ; -0.0105 V           ; 0.143 V                              ; 0.041 V                              ; 4.81e-010 s                 ; 4.81e-010 s                 ; Yes                        ; Yes                        ; 2.32 V                      ; 2.84e-007 V                 ; 2.35 V             ; -0.0105 V          ; 0.143 V                             ; 0.041 V                             ; 4.81e-010 s                ; 4.81e-010 s                ; Yes                       ; Yes                       ;
; D4            ; 2.5 V        ; 0 s                 ; 0 s                 ; 2.32 V                       ; 2.84e-007 V                  ; 2.35 V              ; -0.0105 V           ; 0.143 V                              ; 0.041 V                              ; 4.81e-010 s                 ; 4.81e-010 s                 ; Yes                        ; Yes                        ; 2.32 V                      ; 2.84e-007 V                 ; 2.35 V             ; -0.0105 V          ; 0.143 V                             ; 0.041 V                             ; 4.81e-010 s                ; 4.81e-010 s                ; Yes                       ; Yes                       ;
; D5            ; 2.5 V        ; 0 s                 ; 0 s                 ; 2.32 V                       ; 2.84e-007 V                  ; 2.35 V              ; -0.0105 V           ; 0.143 V                              ; 0.041 V                              ; 4.81e-010 s                 ; 4.81e-010 s                 ; Yes                        ; Yes                        ; 2.32 V                      ; 2.84e-007 V                 ; 2.35 V             ; -0.0105 V          ; 0.143 V                             ; 0.041 V                             ; 4.81e-010 s                ; 4.81e-010 s                ; Yes                       ; Yes                       ;
; D6            ; 2.5 V        ; 0 s                 ; 0 s                 ; 2.32 V                       ; 2.84e-007 V                  ; 2.35 V              ; -0.0105 V           ; 0.143 V                              ; 0.041 V                              ; 4.81e-010 s                 ; 4.81e-010 s                 ; Yes                        ; Yes                        ; 2.32 V                      ; 2.84e-007 V                 ; 2.35 V             ; -0.0105 V          ; 0.143 V                             ; 0.041 V                             ; 4.81e-010 s                ; 4.81e-010 s                ; Yes                       ; Yes                       ;
; D7            ; 2.5 V        ; 0 s                 ; 0 s                 ; 2.32 V                       ; 2.84e-007 V                  ; 2.33 V              ; -0.00215 V          ; 0.091 V                              ; 0.057 V                              ; 3.77e-009 s                 ; 3.49e-009 s                 ; Yes                        ; Yes                        ; 2.32 V                      ; 2.84e-007 V                 ; 2.33 V             ; -0.00215 V         ; 0.091 V                             ; 0.057 V                             ; 3.77e-009 s                ; 3.49e-009 s                ; Yes                       ; Yes                       ;
; E0            ; 2.5 V        ; 0 s                 ; 0 s                 ; 2.32 V                       ; 1.91e-007 V                  ; 2.34 V              ; -0.00803 V          ; 0.14 V                               ; 0.045 V                              ; 6.89e-010 s                 ; 6.56e-010 s                 ; Yes                        ; Yes                        ; 2.32 V                      ; 1.91e-007 V                 ; 2.34 V             ; -0.00803 V         ; 0.14 V                              ; 0.045 V                             ; 6.89e-010 s                ; 6.56e-010 s                ; Yes                       ; Yes                       ;
; E1            ; 2.5 V        ; 0 s                 ; 0 s                 ; 2.32 V                       ; 1.91e-007 V                  ; 2.35 V              ; -0.00735 V          ; 0.126 V                              ; 0.011 V                              ; 4.7e-010 s                  ; 4.63e-010 s                 ; Yes                        ; Yes                        ; 2.32 V                      ; 1.91e-007 V                 ; 2.35 V             ; -0.00735 V         ; 0.126 V                             ; 0.011 V                             ; 4.7e-010 s                 ; 4.63e-010 s                ; Yes                       ; Yes                       ;
; E2            ; 2.5 V        ; 0 s                 ; 0 s                 ; 2.32 V                       ; 2.84e-007 V                  ; 2.35 V              ; -0.0105 V           ; 0.143 V                              ; 0.041 V                              ; 4.81e-010 s                 ; 4.81e-010 s                 ; Yes                        ; Yes                        ; 2.32 V                      ; 2.84e-007 V                 ; 2.35 V             ; -0.0105 V          ; 0.143 V                             ; 0.041 V                             ; 4.81e-010 s                ; 4.81e-010 s                ; Yes                       ; Yes                       ;
; E3            ; 2.5 V        ; 0 s                 ; 0 s                 ; 2.32 V                       ; 2.84e-007 V                  ; 2.35 V              ; -0.0105 V           ; 0.143 V                              ; 0.041 V                              ; 4.81e-010 s                 ; 4.81e-010 s                 ; Yes                        ; Yes                        ; 2.32 V                      ; 2.84e-007 V                 ; 2.35 V             ; -0.0105 V          ; 0.143 V                             ; 0.041 V                             ; 4.81e-010 s                ; 4.81e-010 s                ; Yes                       ; Yes                       ;
; E4            ; 2.5 V        ; 0 s                 ; 0 s                 ; 2.32 V                       ; 2.84e-007 V                  ; 2.35 V              ; -0.0105 V           ; 0.143 V                              ; 0.041 V                              ; 4.81e-010 s                 ; 4.81e-010 s                 ; Yes                        ; Yes                        ; 2.32 V                      ; 2.84e-007 V                 ; 2.35 V             ; -0.0105 V          ; 0.143 V                             ; 0.041 V                             ; 4.81e-010 s                ; 4.81e-010 s                ; Yes                       ; Yes                       ;
; E5            ; 2.5 V        ; 0 s                 ; 0 s                 ; 2.32 V                       ; 2.84e-007 V                  ; 2.35 V              ; -0.0105 V           ; 0.143 V                              ; 0.041 V                              ; 4.81e-010 s                 ; 4.81e-010 s                 ; Yes                        ; Yes                        ; 2.32 V                      ; 2.84e-007 V                 ; 2.35 V             ; -0.0105 V          ; 0.143 V                             ; 0.041 V                             ; 4.81e-010 s                ; 4.81e-010 s                ; Yes                       ; Yes                       ;
; E6            ; 2.5 V        ; 0 s                 ; 0 s                 ; 2.32 V                       ; 2.84e-007 V                  ; 2.35 V              ; -0.0105 V           ; 0.143 V                              ; 0.041 V                              ; 4.81e-010 s                 ; 4.81e-010 s                 ; Yes                        ; Yes                        ; 2.32 V                      ; 2.84e-007 V                 ; 2.35 V             ; -0.0105 V          ; 0.143 V                             ; 0.041 V                             ; 4.81e-010 s                ; 4.81e-010 s                ; Yes                       ; Yes                       ;
; E7            ; 2.5 V        ; 0 s                 ; 0 s                 ; 2.32 V                       ; 2.84e-007 V                  ; 2.35 V              ; -0.0105 V           ; 0.143 V                              ; 0.041 V                              ; 4.81e-010 s                 ; 4.81e-010 s                 ; Yes                        ; Yes                        ; 2.32 V                      ; 2.84e-007 V                 ; 2.35 V             ; -0.0105 V          ; 0.143 V                             ; 0.041 V                             ; 4.81e-010 s                ; 4.81e-010 s                ; Yes                       ; Yes                       ;
; DR            ; 2.5 V        ; 0 s                 ; 0 s                 ; 2.32 V                       ; 2.84e-007 V                  ; 2.35 V              ; -0.0105 V           ; 0.143 V                              ; 0.041 V                              ; 4.81e-010 s                 ; 4.81e-010 s                 ; Yes                        ; Yes                        ; 2.32 V                      ; 2.84e-007 V                 ; 2.35 V             ; -0.0105 V          ; 0.143 V                             ; 0.041 V                             ; 4.81e-010 s                ; 4.81e-010 s                ; Yes                       ; Yes                       ;
; DG            ; 2.5 V        ; 0 s                 ; 0 s                 ; 2.32 V                       ; 2.84e-007 V                  ; 2.35 V              ; -0.0105 V           ; 0.143 V                              ; 0.041 V                              ; 4.81e-010 s                 ; 4.81e-010 s                 ; Yes                        ; Yes                        ; 2.32 V                      ; 2.84e-007 V                 ; 2.35 V             ; -0.0105 V          ; 0.143 V                             ; 0.041 V                             ; 4.81e-010 s                ; 4.81e-010 s                ; Yes                       ; Yes                       ;
; ER            ; 2.5 V        ; 0 s                 ; 0 s                 ; 2.32 V                       ; 2.84e-007 V                  ; 2.35 V              ; -0.0105 V           ; 0.143 V                              ; 0.041 V                              ; 4.81e-010 s                 ; 4.81e-010 s                 ; Yes                        ; Yes                        ; 2.32 V                      ; 2.84e-007 V                 ; 2.35 V             ; -0.0105 V          ; 0.143 V                             ; 0.041 V                             ; 4.81e-010 s                ; 4.81e-010 s                ; Yes                       ; Yes                       ;
; EG            ; 2.5 V        ; 0 s                 ; 0 s                 ; 2.32 V                       ; 2.84e-007 V                  ; 2.35 V              ; -0.0105 V           ; 0.143 V                              ; 0.041 V                              ; 4.81e-010 s                 ; 4.81e-010 s                 ; Yes                        ; Yes                        ; 2.32 V                      ; 2.84e-007 V                 ; 2.35 V             ; -0.0105 V          ; 0.143 V                             ; 0.041 V                             ; 4.81e-010 s                ; 4.81e-010 s                ; Yes                       ; Yes                       ;
; ~ALTERA_DCLK~ ; 2.5 V        ; 0 s                 ; 0 s                 ; 2.32 V                       ; 1.53e-007 V                  ; 2.35 V              ; -0.00333 V          ; 0.096 V                              ; 0.006 V                              ; 4.5e-010 s                  ; 3.85e-010 s                 ; Yes                        ; Yes                        ; 2.32 V                      ; 1.53e-007 V                 ; 2.35 V             ; -0.00333 V         ; 0.096 V                             ; 0.006 V                             ; 4.5e-010 s                 ; 3.85e-010 s                ; Yes                       ; Yes                       ;
; ~ALTERA_nCEO~ ; 2.5 V        ; 0 s                 ; 0 s                 ; 2.32 V                       ; 2.51e-007 V                  ; 2.34 V              ; -0.00726 V          ; 0.108 V                              ; 0.026 V                              ; 6.58e-010 s                 ; 8.2e-010 s                  ; Yes                        ; Yes                        ; 2.32 V                      ; 2.51e-007 V                 ; 2.34 V             ; -0.00726 V         ; 0.108 V                             ; 0.026 V                             ; 6.58e-010 s                ; 8.2e-010 s                 ; Yes                       ; Yes                       ;
+---------------+--------------+---------------------+---------------------+------------------------------+------------------------------+---------------------+---------------------+--------------------------------------+--------------------------------------+-----------------------------+-----------------------------+----------------------------+----------------------------+-----------------------------+-----------------------------+--------------------+--------------------+-------------------------------------+-------------------------------------+----------------------------+----------------------------+---------------------------+---------------------------+


+--------------------------------------------------------------------------------------------------------------------------------------------------------------------------------------------------------------------------------------------------------------------------------------------------------------------------------------------------------------------------------------------------------------------------------------------------------------------------------------------------------------------------------------------------------------------------------------------------------------------------------------------------------------------------------------------+
; Fast Corner Signal Integrity Metrics                                                                                                                                                                                                                                                                                                                                                                                                                                                                                                                                                                                                                                                       ;
+---------------+--------------+---------------------+---------------------+------------------------------+------------------------------+---------------------+---------------------+--------------------------------------+--------------------------------------+-----------------------------+-----------------------------+----------------------------+----------------------------+-----------------------------+-----------------------------+--------------------+--------------------+-------------------------------------+-------------------------------------+----------------------------+----------------------------+---------------------------+---------------------------+
; Pin           ; I/O Standard ; Board Delay on Rise ; Board Delay on Fall ; Steady State Voh at FPGA Pin ; Steady State Vol at FPGA Pin ; Voh Max at FPGA Pin ; Vol Min at FPGA Pin ; Ringback Voltage on Rise at FPGA Pin ; Ringback Voltage on Fall at FPGA Pin ; 10-90 Rise Time at FPGA Pin ; 90-10 Fall Time at FPGA Pin ; Monotonic Rise at FPGA Pin ; Monotonic Fall at FPGA Pin ; Steady State Voh at Far-end ; Steady State Vol at Far-end ; Voh Max at Far-end ; Vol Min at Far-end ; Ringback Voltage on Rise at Far-end ; Ringback Voltage on Fall at Far-end ; 10-90 Rise Time at Far-end ; 90-10 Fall Time at Far-end ; Monotonic Rise at Far-end ; Monotonic Fall at Far-end ;
+---------------+--------------+---------------------+---------------------+------------------------------+------------------------------+---------------------+---------------------+--------------------------------------+--------------------------------------+-----------------------------+-----------------------------+----------------------------+----------------------------+-----------------------------+-----------------------------+--------------------+--------------------+-------------------------------------+-------------------------------------+----------------------------+----------------------------+---------------------------+---------------------------+
; D0            ; 2.5 V        ; 0 s                 ; 0 s                 ; 2.62 V                       ; 4.02e-008 V                  ; 2.71 V              ; -0.0351 V           ; 0.173 V                              ; 0.098 V                              ; 2.73e-010 s                 ; 2.69e-010 s                 ; Yes                        ; Yes                        ; 2.62 V                      ; 4.02e-008 V                 ; 2.71 V             ; -0.0351 V          ; 0.173 V                             ; 0.098 V                             ; 2.73e-010 s                ; 2.69e-010 s                ; Yes                       ; Yes                       ;
; D1            ; 2.5 V        ; 0 s                 ; 0 s                 ; 2.62 V                       ; 4.02e-008 V                  ; 2.71 V              ; -0.0351 V           ; 0.173 V                              ; 0.098 V                              ; 2.73e-010 s                 ; 2.69e-010 s                 ; Yes                        ; Yes                        ; 2.62 V                      ; 4.02e-008 V                 ; 2.71 V             ; -0.0351 V          ; 0.173 V                             ; 0.098 V                             ; 2.73e-010 s                ; 2.69e-010 s                ; Yes                       ; Yes                       ;
; D2            ; 2.5 V        ; 0 s                 ; 0 s                 ; 2.62 V                       ; 4.02e-008 V                  ; 2.71 V              ; -0.0351 V           ; 0.173 V                              ; 0.098 V                              ; 2.73e-010 s                 ; 2.69e-010 s                 ; Yes                        ; Yes                        ; 2.62 V                      ; 4.02e-008 V                 ; 2.71 V             ; -0.0351 V          ; 0.173 V                             ; 0.098 V                             ; 2.73e-010 s                ; 2.69e-010 s                ; Yes                       ; Yes                       ;
; D3            ; 2.5 V        ; 0 s                 ; 0 s                 ; 2.62 V                       ; 4.02e-008 V                  ; 2.71 V              ; -0.0351 V           ; 0.173 V                              ; 0.098 V                              ; 2.73e-010 s                 ; 2.69e-010 s                 ; Yes                        ; Yes                        ; 2.62 V                      ; 4.02e-008 V                 ; 2.71 V             ; -0.0351 V          ; 0.173 V                             ; 0.098 V                             ; 2.73e-010 s                ; 2.69e-010 s                ; Yes                       ; Yes                       ;
; D4            ; 2.5 V        ; 0 s                 ; 0 s                 ; 2.62 V                       ; 4.02e-008 V                  ; 2.71 V              ; -0.0351 V           ; 0.173 V                              ; 0.098 V                              ; 2.73e-010 s                 ; 2.69e-010 s                 ; Yes                        ; Yes                        ; 2.62 V                      ; 4.02e-008 V                 ; 2.71 V             ; -0.0351 V          ; 0.173 V                             ; 0.098 V                             ; 2.73e-010 s                ; 2.69e-010 s                ; Yes                       ; Yes                       ;
; D5            ; 2.5 V        ; 0 s                 ; 0 s                 ; 2.62 V                       ; 4.02e-008 V                  ; 2.71 V              ; -0.0351 V           ; 0.173 V                              ; 0.098 V                              ; 2.73e-010 s                 ; 2.69e-010 s                 ; Yes                        ; Yes                        ; 2.62 V                      ; 4.02e-008 V                 ; 2.71 V             ; -0.0351 V          ; 0.173 V                             ; 0.098 V                             ; 2.73e-010 s                ; 2.69e-010 s                ; Yes                       ; Yes                       ;
; D6            ; 2.5 V        ; 0 s                 ; 0 s                 ; 2.62 V                       ; 4.02e-008 V                  ; 2.71 V              ; -0.0351 V           ; 0.173 V                              ; 0.098 V                              ; 2.73e-010 s                 ; 2.69e-010 s                 ; Yes                        ; Yes                        ; 2.62 V                      ; 4.02e-008 V                 ; 2.71 V             ; -0.0351 V          ; 0.173 V                             ; 0.098 V                             ; 2.73e-010 s                ; 2.69e-010 s                ; Yes                       ; Yes                       ;
; D7            ; 2.5 V        ; 0 s                 ; 0 s                 ; 2.62 V                       ; 4.02e-008 V                  ; 2.64 V              ; -0.0115 V           ; 0.204 V                              ; 0.12 V                               ; 2.38e-009 s                 ; 2.24e-009 s                 ; No                         ; Yes                        ; 2.62 V                      ; 4.02e-008 V                 ; 2.64 V             ; -0.0115 V          ; 0.204 V                             ; 0.12 V                              ; 2.38e-009 s                ; 2.24e-009 s                ; No                        ; Yes                       ;
; E0            ; 2.5 V        ; 0 s                 ; 0 s                 ; 2.62 V                       ; 2.7e-008 V                   ; 2.71 V              ; -0.0352 V           ; 0.147 V                              ; 0.066 V                              ; 4.51e-010 s                 ; 4.15e-010 s                 ; No                         ; Yes                        ; 2.62 V                      ; 2.7e-008 V                  ; 2.71 V             ; -0.0352 V          ; 0.147 V                             ; 0.066 V                             ; 4.51e-010 s                ; 4.15e-010 s                ; No                        ; Yes                       ;
; E1            ; 2.5 V        ; 0 s                 ; 0 s                 ; 2.62 V                       ; 2.7e-008 V                   ; 2.72 V              ; -0.0401 V           ; 0.163 V                              ; 0.091 V                              ; 2.71e-010 s                 ; 2.61e-010 s                 ; Yes                        ; Yes                        ; 2.62 V                      ; 2.7e-008 V                  ; 2.72 V             ; -0.0401 V          ; 0.163 V                             ; 0.091 V                             ; 2.71e-010 s                ; 2.61e-010 s                ; Yes                       ; Yes                       ;
; E2            ; 2.5 V        ; 0 s                 ; 0 s                 ; 2.62 V                       ; 4.02e-008 V                  ; 2.71 V              ; -0.0351 V           ; 0.173 V                              ; 0.098 V                              ; 2.73e-010 s                 ; 2.69e-010 s                 ; Yes                        ; Yes                        ; 2.62 V                      ; 4.02e-008 V                 ; 2.71 V             ; -0.0351 V          ; 0.173 V                             ; 0.098 V                             ; 2.73e-010 s                ; 2.69e-010 s                ; Yes                       ; Yes                       ;
; E3            ; 2.5 V        ; 0 s                 ; 0 s                 ; 2.62 V                       ; 4.02e-008 V                  ; 2.71 V              ; -0.0351 V           ; 0.173 V                              ; 0.098 V                              ; 2.73e-010 s                 ; 2.69e-010 s                 ; Yes                        ; Yes                        ; 2.62 V                      ; 4.02e-008 V                 ; 2.71 V             ; -0.0351 V          ; 0.173 V                             ; 0.098 V                             ; 2.73e-010 s                ; 2.69e-010 s                ; Yes                       ; Yes                       ;
; E4            ; 2.5 V        ; 0 s                 ; 0 s                 ; 2.62 V                       ; 4.02e-008 V                  ; 2.71 V              ; -0.0351 V           ; 0.173 V                              ; 0.098 V                              ; 2.73e-010 s                 ; 2.69e-010 s                 ; Yes                        ; Yes                        ; 2.62 V                      ; 4.02e-008 V                 ; 2.71 V             ; -0.0351 V          ; 0.173 V                             ; 0.098 V                             ; 2.73e-010 s                ; 2.69e-010 s                ; Yes                       ; Yes                       ;
; E5            ; 2.5 V        ; 0 s                 ; 0 s                 ; 2.62 V                       ; 4.02e-008 V                  ; 2.71 V              ; -0.0351 V           ; 0.173 V                              ; 0.098 V                              ; 2.73e-010 s                 ; 2.69e-010 s                 ; Yes                        ; Yes                        ; 2.62 V                      ; 4.02e-008 V                 ; 2.71 V             ; -0.0351 V          ; 0.173 V                             ; 0.098 V                             ; 2.73e-010 s                ; 2.69e-010 s                ; Yes                       ; Yes                       ;
; E6            ; 2.5 V        ; 0 s                 ; 0 s                 ; 2.62 V                       ; 4.02e-008 V                  ; 2.71 V              ; -0.0351 V           ; 0.173 V                              ; 0.098 V                              ; 2.73e-010 s                 ; 2.69e-010 s                 ; Yes                        ; Yes                        ; 2.62 V                      ; 4.02e-008 V                 ; 2.71 V             ; -0.0351 V          ; 0.173 V                             ; 0.098 V                             ; 2.73e-010 s                ; 2.69e-010 s                ; Yes                       ; Yes                       ;
; E7            ; 2.5 V        ; 0 s                 ; 0 s                 ; 2.62 V                       ; 4.02e-008 V                  ; 2.71 V              ; -0.0351 V           ; 0.173 V                              ; 0.098 V                              ; 2.73e-010 s                 ; 2.69e-010 s                 ; Yes                        ; Yes                        ; 2.62 V                      ; 4.02e-008 V                 ; 2.71 V             ; -0.0351 V          ; 0.173 V                             ; 0.098 V                             ; 2.73e-010 s                ; 2.69e-010 s                ; Yes                       ; Yes                       ;
; DR            ; 2.5 V        ; 0 s                 ; 0 s                 ; 2.62 V                       ; 4.02e-008 V                  ; 2.71 V              ; -0.0351 V           ; 0.173 V                              ; 0.098 V                              ; 2.73e-010 s                 ; 2.69e-010 s                 ; Yes                        ; Yes                        ; 2.62 V                      ; 4.02e-008 V                 ; 2.71 V             ; -0.0351 V          ; 0.173 V                             ; 0.098 V                             ; 2.73e-010 s                ; 2.69e-010 s                ; Yes                       ; Yes                       ;
; DG            ; 2.5 V        ; 0 s                 ; 0 s                 ; 2.62 V                       ; 4.02e-008 V                  ; 2.71 V              ; -0.0351 V           ; 0.173 V                              ; 0.098 V                              ; 2.73e-010 s                 ; 2.69e-010 s                 ; Yes                        ; Yes                        ; 2.62 V                      ; 4.02e-008 V                 ; 2.71 V             ; -0.0351 V          ; 0.173 V                             ; 0.098 V                             ; 2.73e-010 s                ; 2.69e-010 s                ; Yes                       ; Yes                       ;
; ER            ; 2.5 V        ; 0 s                 ; 0 s                 ; 2.62 V                       ; 4.02e-008 V                  ; 2.71 V              ; -0.0351 V           ; 0.173 V                              ; 0.098 V                              ; 2.73e-010 s                 ; 2.69e-010 s                 ; Yes                        ; Yes                        ; 2.62 V                      ; 4.02e-008 V                 ; 2.71 V             ; -0.0351 V          ; 0.173 V                             ; 0.098 V                             ; 2.73e-010 s                ; 2.69e-010 s                ; Yes                       ; Yes                       ;
; EG            ; 2.5 V        ; 0 s                 ; 0 s                 ; 2.62 V                       ; 4.02e-008 V                  ; 2.71 V              ; -0.0351 V           ; 0.173 V                              ; 0.098 V                              ; 2.73e-010 s                 ; 2.69e-010 s                 ; Yes                        ; Yes                        ; 2.62 V                      ; 4.02e-008 V                 ; 2.71 V             ; -0.0351 V          ; 0.173 V                             ; 0.098 V                             ; 2.73e-010 s                ; 2.69e-010 s                ; Yes                       ; Yes                       ;
; ~ALTERA_DCLK~ ; 2.5 V        ; 0 s                 ; 0 s                 ; 2.62 V                       ; 2.2e-008 V                   ; 2.74 V              ; -0.061 V            ; 0.159 V                              ; 0.078 V                              ; 2.7e-010 s                  ; 2.2e-010 s                  ; No                         ; Yes                        ; 2.62 V                      ; 2.2e-008 V                  ; 2.74 V             ; -0.061 V           ; 0.159 V                             ; 0.078 V                             ; 2.7e-010 s                 ; 2.2e-010 s                 ; No                        ; Yes                       ;
; ~ALTERA_nCEO~ ; 2.5 V        ; 0 s                 ; 0 s                 ; 2.62 V                       ; 3.52e-008 V                  ; 2.7 V               ; -0.012 V            ; 0.274 V                              ; 0.034 V                              ; 3.18e-010 s                 ; 4.96e-010 s                 ; No                         ; Yes                        ; 2.62 V                      ; 3.52e-008 V                 ; 2.7 V              ; -0.012 V           ; 0.274 V                             ; 0.034 V                             ; 3.18e-010 s                ; 4.96e-010 s                ; No                        ; Yes                       ;
+---------------+--------------+---------------------+---------------------+------------------------------+------------------------------+---------------------+---------------------+--------------------------------------+--------------------------------------+-----------------------------+-----------------------------+----------------------------+----------------------------+-----------------------------+-----------------------------+--------------------+--------------------+-------------------------------------+-------------------------------------+----------------------------+----------------------------+---------------------------+---------------------------+


+---------------------------------------------------------------------------------------------------------------------------+
; Setup Transfers                                                                                                           ;
+---------------------------------------+---------------------------------------+----------+----------+----------+----------+
; From Clock                            ; To Clock                              ; RR Paths ; FR Paths ; RF Paths ; FF Paths ;
+---------------------------------------+---------------------------------------+----------+----------+----------+----------+
; Clock                                 ; Clock                                 ; 13       ; 0        ; 0        ; 0        ;
; mod10:inst1|74161:inst|f74161:sub|110 ; Clock                                 ; 5        ; 5        ; 0        ; 0        ;
; mod10:inst1|74161:inst|f74161:sub|110 ; mod10:inst1|74161:inst|f74161:sub|110 ; 0        ; 0        ; 0        ; 8        ;
+---------------------------------------+---------------------------------------+----------+----------+----------+----------+
Entries labeled "false path" only account for clock-to-clock false paths and not path-based false paths. As a result, actual path counts may be lower than reported.


+---------------------------------------------------------------------------------------------------------------------------+
; Hold Transfers                                                                                                            ;
+---------------------------------------+---------------------------------------+----------+----------+----------+----------+
; From Clock                            ; To Clock                              ; RR Paths ; FR Paths ; RF Paths ; FF Paths ;
+---------------------------------------+---------------------------------------+----------+----------+----------+----------+
; Clock                                 ; Clock                                 ; 13       ; 0        ; 0        ; 0        ;
; mod10:inst1|74161:inst|f74161:sub|110 ; Clock                                 ; 5        ; 5        ; 0        ; 0        ;
; mod10:inst1|74161:inst|f74161:sub|110 ; mod10:inst1|74161:inst|f74161:sub|110 ; 0        ; 0        ; 0        ; 8        ;
+---------------------------------------+---------------------------------------+----------+----------+----------+----------+
Entries labeled "false path" only account for clock-to-clock false paths and not path-based false paths. As a result, actual path counts may be lower than reported.


---------------
; Report TCCS ;
---------------
No dedicated SERDES Transmitter circuitry present in device or used in design


---------------
; Report RSKM ;
---------------
No dedicated SERDES Receiver circuitry present in device or used in design


+------------------------------------------------+
; Unconstrained Paths                            ;
+---------------------------------+-------+------+
; Property                        ; Setup ; Hold ;
+---------------------------------+-------+------+
; Illegal Clocks                  ; 0     ; 0    ;
; Unconstrained Clocks            ; 0     ; 0    ;
; Unconstrained Input Ports       ; 0     ; 0    ;
; Unconstrained Input Port Paths  ; 0     ; 0    ;
; Unconstrained Output Ports      ; 20    ; 20   ;
; Unconstrained Output Port Paths ; 30    ; 30   ;
+---------------------------------+-------+------+


+------------------------------------+
; TimeQuest Timing Analyzer Messages ;
+------------------------------------+
Info: *******************************************************************
Info: Running Quartus II TimeQuest Timing Analyzer
    Info: Version 9.1 Build 350 03/24/2010 Service Pack 2 SJ Web Edition
    Info: Processing started: Wed May 28 16:42:33 2025
Info: Command: quartus_sta Week15 -c Week15
Info: qsta_default_script.tcl version: #1
Warning: Ignored assignments for entity "Week15" -- entity does not exist in design
    Warning: Assignment for entity set_global_assignment -name LL_ROOT_REGION ON -entity Week15 -section_id "Root Region" was ignored
    Warning: Assignment for entity set_global_assignment -name LL_MEMBER_STATE LOCKED -entity Week15 -section_id "Root Region" was ignored
Info: Core supply voltage is 1.2V
Info: Low junction temperature is 0 degrees C
Info: High junction temperature is 85 degrees C
Critical Warning: Synopsys Design Constraints File file not found: 'Week15.sdc'. A Synopsys Design Constraints File is required by the TimeQuest Timing Analyzer to get proper timing constraints. Without it, the Compiler will not properly optimize the design.
Info: No user constrained base clocks found in the design. Calling "derive_clocks -period 1.0"
Info: Deriving Clocks
    Info: create_clock -period 1.000 -name Clock Clock
    Info: create_clock -period 1.000 -name mod10:inst1|74161:inst|f74161:sub|110 mod10:inst1|74161:inst|f74161:sub|110
Info: No user constrained clock uncertainty found in the design. Calling "derive_clock_uncertainty"
Info: Deriving Clock Uncertainty
    Info: set_clock_uncertainty -rise_from [get_clocks {mod10:inst1|74161:inst|f74161:sub|110}] -rise_to [get_clocks {Clock}] -setup 0.020
    Info: set_clock_uncertainty -rise_from [get_clocks {mod10:inst1|74161:inst|f74161:sub|110}] -fall_to [get_clocks {Clock}] -setup 0.020
    Info: set_clock_uncertainty -fall_from [get_clocks {mod10:inst1|74161:inst|f74161:sub|110}] -rise_to [get_clocks {Clock}] -setup 0.020
    Info: set_clock_uncertainty -fall_from [get_clocks {mod10:inst1|74161:inst|f74161:sub|110}] -fall_to [get_clocks {Clock}] -setup 0.020
    Info: set_clock_uncertainty -rise_from [get_clocks {mod10:inst1|74161:inst|f74161:sub|110}] -rise_to [get_clocks {Clock}] -hold 0.020
    Info: set_clock_uncertainty -rise_from [get_clocks {mod10:inst1|74161:inst|f74161:sub|110}] -fall_to [get_clocks {Clock}] -hold 0.020
    Info: set_clock_uncertainty -fall_from [get_clocks {mod10:inst1|74161:inst|f74161:sub|110}] -rise_to [get_clocks {Clock}] -hold 0.020
    Info: set_clock_uncertainty -fall_from [get_clocks {mod10:inst1|74161:inst|f74161:sub|110}] -fall_to [get_clocks {Clock}] -hold 0.020
    Info: set_clock_uncertainty -rise_from [get_clocks {Clock}] -rise_to [get_clocks {mod10:inst1|74161:inst|f74161:sub|110}] -setup 0.020
    Info: set_clock_uncertainty -rise_from [get_clocks {Clock}] -fall_to [get_clocks {mod10:inst1|74161:inst|f74161:sub|110}] -setup 0.020
    Info: set_clock_uncertainty -fall_from [get_clocks {Clock}] -rise_to [get_clocks {mod10:inst1|74161:inst|f74161:sub|110}] -setup 0.020
    Info: set_clock_uncertainty -fall_from [get_clocks {Clock}] -fall_to [get_clocks {mod10:inst1|74161:inst|f74161:sub|110}] -setup 0.020
    Info: set_clock_uncertainty -rise_from [get_clocks {Clock}] -rise_to [get_clocks {mod10:inst1|74161:inst|f74161:sub|110}] -hold 0.020
    Info: set_clock_uncertainty -rise_from [get_clocks {Clock}] -fall_to [get_clocks {mod10:inst1|74161:inst|f74161:sub|110}] -hold 0.020
    Info: set_clock_uncertainty -fall_from [get_clocks {Clock}] -rise_to [get_clocks {mod10:inst1|74161:inst|f74161:sub|110}] -hold 0.020
    Info: set_clock_uncertainty -fall_from [get_clocks {Clock}] -fall_to [get_clocks {mod10:inst1|74161:inst|f74161:sub|110}] -hold 0.020
Info: Analyzing Slow 1200mV 85C Model
Critical Warning: Timing requirements not met
Info: Worst-case setup slack is -1.491
    Info:     Slack End Point TNS Clock 
    Info: ========= ============= =====================
    Info:    -1.491        -4.421 Clock 
    Info:    -0.347        -0.592 mod10:inst1|74161:inst|f74161:sub|110 
Info: Worst-case hold slack is -1.490
    Info:     Slack End Point TNS Clock 
    Info: ========= ============= =====================
    Info:    -1.490        -5.525 Clock 
    Info:     0.431         0.000 mod10:inst1|74161:inst|f74161:sub|110 
Info: No Recovery paths to report
Info: No Removal paths to report
Info: Worst-case minimum pulse width slack is -3.000
    Info:     Slack End Point TNS Clock 
    Info: ========= ============= =====================
    Info:    -3.000        -8.948 Clock 
    Info:    -1.487        -5.948 mod10:inst1|74161:inst|f74161:sub|110 
Info: Analyzing Slow 1200mV 0C Model
Info: Started post-fitting delay annotation
Warning: Timing characteristics of device EP4CE6F17C8 are preliminary
Info: Delay annotation completed successfully
Info: Deriving Clock Uncertainty
    Info: set_clock_uncertainty -rise_from [get_clocks {mod10:inst1|74161:inst|f74161:sub|110}] -rise_to [get_clocks {Clock}] -setup 0.020
    Info: set_clock_uncertainty -rise_from [get_clocks {mod10:inst1|74161:inst|f74161:sub|110}] -fall_to [get_clocks {Clock}] -setup 0.020
    Info: set_clock_uncertainty -fall_from [get_clocks {mod10:inst1|74161:inst|f74161:sub|110}] -rise_to [get_clocks {Clock}] -setup 0.020
    Info: set_clock_uncertainty -fall_from [get_clocks {mod10:inst1|74161:inst|f74161:sub|110}] -fall_to [get_clocks {Clock}] -setup 0.020
    Info: set_clock_uncertainty -rise_from [get_clocks {mod10:inst1|74161:inst|f74161:sub|110}] -rise_to [get_clocks {Clock}] -hold 0.020
    Info: set_clock_uncertainty -rise_from [get_clocks {mod10:inst1|74161:inst|f74161:sub|110}] -fall_to [get_clocks {Clock}] -hold 0.020
    Info: set_clock_uncertainty -fall_from [get_clocks {mod10:inst1|74161:inst|f74161:sub|110}] -rise_to [get_clocks {Clock}] -hold 0.020
    Info: set_clock_uncertainty -fall_from [get_clocks {mod10:inst1|74161:inst|f74161:sub|110}] -fall_to [get_clocks {Clock}] -hold 0.020
    Info: set_clock_uncertainty -rise_from [get_clocks {Clock}] -rise_to [get_clocks {mod10:inst1|74161:inst|f74161:sub|110}] -setup 0.020
    Info: set_clock_uncertainty -rise_from [get_clocks {Clock}] -fall_to [get_clocks {mod10:inst1|74161:inst|f74161:sub|110}] -setup 0.020
    Info: set_clock_uncertainty -fall_from [get_clocks {Clock}] -rise_to [get_clocks {mod10:inst1|74161:inst|f74161:sub|110}] -setup 0.020
    Info: set_clock_uncertainty -fall_from [get_clocks {Clock}] -fall_to [get_clocks {mod10:inst1|74161:inst|f74161:sub|110}] -setup 0.020
    Info: set_clock_uncertainty -rise_from [get_clocks {Clock}] -rise_to [get_clocks {mod10:inst1|74161:inst|f74161:sub|110}] -hold 0.020
    Info: set_clock_uncertainty -rise_from [get_clocks {Clock}] -fall_to [get_clocks {mod10:inst1|74161:inst|f74161:sub|110}] -hold 0.020
    Info: set_clock_uncertainty -fall_from [get_clocks {Clock}] -rise_to [get_clocks {mod10:inst1|74161:inst|f74161:sub|110}] -hold 0.020
    Info: set_clock_uncertainty -fall_from [get_clocks {Clock}] -fall_to [get_clocks {mod10:inst1|74161:inst|f74161:sub|110}] -hold 0.020
Critical Warning: Timing requirements not met
Info: Worst-case setup slack is -1.260
    Info:     Slack End Point TNS Clock 
    Info: ========= ============= =====================
    Info:    -1.260        -3.800 Clock 
    Info:    -0.211        -0.326 mod10:inst1|74161:inst|f74161:sub|110 
Info: Worst-case hold slack is -1.509
    Info:     Slack End Point TNS Clock 
    Info: ========= ============= =====================
    Info:    -1.509        -5.622 Clock 
    Info:     0.383         0.000 mod10:inst1|74161:inst|f74161:sub|110 
Info: No Recovery paths to report
Info: No Removal paths to report
Info: Worst-case minimum pulse width slack is -3.000
    Info:     Slack End Point TNS Clock 
    Info: ========= ============= =====================
    Info:    -3.000        -8.948 Clock 
    Info:    -1.487        -5.948 mod10:inst1|74161:inst|f74161:sub|110 
Info: Analyzing Fast 1200mV 0C Model
Info: Started post-fitting delay annotation
Warning: Timing characteristics of device EP4CE6F17C8 are preliminary
Info: Delay annotation completed successfully
Info: Deriving Clock Uncertainty
    Info: set_clock_uncertainty -rise_from [get_clocks {mod10:inst1|74161:inst|f74161:sub|110}] -rise_to [get_clocks {Clock}] -setup 0.020
    Info: set_clock_uncertainty -rise_from [get_clocks {mod10:inst1|74161:inst|f74161:sub|110}] -fall_to [get_clocks {Clock}] -setup 0.020
    Info: set_clock_uncertainty -fall_from [get_clocks {mod10:inst1|74161:inst|f74161:sub|110}] -rise_to [get_clocks {Clock}] -setup 0.020
    Info: set_clock_uncertainty -fall_from [get_clocks {mod10:inst1|74161:inst|f74161:sub|110}] -fall_to [get_clocks {Clock}] -setup 0.020
    Info: set_clock_uncertainty -rise_from [get_clocks {mod10:inst1|74161:inst|f74161:sub|110}] -rise_to [get_clocks {Clock}] -hold 0.020
    Info: set_clock_uncertainty -rise_from [get_clocks {mod10:inst1|74161:inst|f74161:sub|110}] -fall_to [get_clocks {Clock}] -hold 0.020
    Info: set_clock_uncertainty -fall_from [get_clocks {mod10:inst1|74161:inst|f74161:sub|110}] -rise_to [get_clocks {Clock}] -hold 0.020
    Info: set_clock_uncertainty -fall_from [get_clocks {mod10:inst1|74161:inst|f74161:sub|110}] -fall_to [get_clocks {Clock}] -hold 0.020
    Info: set_clock_uncertainty -rise_from [get_clocks {Clock}] -rise_to [get_clocks {mod10:inst1|74161:inst|f74161:sub|110}] -setup 0.020
    Info: set_clock_uncertainty -rise_from [get_clocks {Clock}] -fall_to [get_clocks {mod10:inst1|74161:inst|f74161:sub|110}] -setup 0.020
    Info: set_clock_uncertainty -fall_from [get_clocks {Clock}] -rise_to [get_clocks {mod10:inst1|74161:inst|f74161:sub|110}] -setup 0.020
    Info: set_clock_uncertainty -fall_from [get_clocks {Clock}] -fall_to [get_clocks {mod10:inst1|74161:inst|f74161:sub|110}] -setup 0.020
    Info: set_clock_uncertainty -rise_from [get_clocks {Clock}] -rise_to [get_clocks {mod10:inst1|74161:inst|f74161:sub|110}] -hold 0.020
    Info: set_clock_uncertainty -rise_from [get_clocks {Clock}] -fall_to [get_clocks {mod10:inst1|74161:inst|f74161:sub|110}] -hold 0.020
    Info: set_clock_uncertainty -fall_from [get_clocks {Clock}] -rise_to [get_clocks {mod10:inst1|74161:inst|f74161:sub|110}] -hold 0.020
    Info: set_clock_uncertainty -fall_from [get_clocks {Clock}] -fall_to [get_clocks {mod10:inst1|74161:inst|f74161:sub|110}] -hold 0.020
Critical Warning: Timing requirements not met
Info: Worst-case setup slack is -0.049
    Info:     Slack End Point TNS Clock 
    Info: ========= ============= =====================
    Info:    -0.049        -0.049 Clock 
    Info:     0.415         0.000 mod10:inst1|74161:inst|f74161:sub|110 
Info: Worst-case hold slack is -0.598
    Info:     Slack End Point TNS Clock 
    Info: ========= ============= =====================
    Info:    -0.598        -2.255 Clock 
    Info:     0.181         0.000 mod10:inst1|74161:inst|f74161:sub|110 
Info: No Recovery paths to report
Info: No Removal paths to report
Info: Worst-case minimum pulse width slack is -3.000
    Info:     Slack End Point TNS Clock 
    Info: ========= ============= =====================
    Info:    -3.000        -7.420 Clock 
    Info:    -1.000        -4.000 mod10:inst1|74161:inst|f74161:sub|110 
Info: Design is not fully constrained for setup requirements
Info: Design is not fully constrained for hold requirements
Info: Quartus II TimeQuest Timing Analyzer was successful. 0 errors, 9 warnings
    Info: Peak virtual memory: 264 megabytes
    Info: Processing ended: Wed May 28 16:42:35 2025
    Info: Elapsed time: 00:00:02
    Info: Total CPU time (on all processors): 00:00:02


